mtllib tripwire_turret_rocket.mtl
g g0
v 0.704569 -0.168987 -4.57668
v 0.704569 0.208373 -4.5754
v 0.603585 0.180683 -4.38871
v 0.515888 0.535177 -4.5743
v 0.441962 0.46062 -4.38776
v 0.603585 -0.14256 -4.3898
v 0.162024 0.622242 -4.38721
v 0.189082 0.723857 -4.57366
v -0.18828 0.723857 -4.57366
v -0.161221 0.622242 -4.38721
v 0.643327 0.643264 1.14911
v 0.739765 0.739656 1.16333
v -0.24701 -0.0760986 4.14789
v -0.196938 -0.0626816 4.14794
v -0.877851 0.233039 1.92532
v -0.24701 0.0564884 4.14834
v -0.642524 -0.642579 1.14476
v -0.642524 -0.640927 0.656104
v -0.642524 -0.645208 1.92235
v -0.642524 -0.643047 1.28321
v 0.235728 0.87859 1.14991
v -0.24701 0.0564884 4.14834
v -0.196938 0.0430714 4.14829
v 0.271027 1.01028 1.16424
v -0.877851 -0.233331 0.657482
v -0.877851 -0.234983 1.14614
v -0.877851 -0.237612 1.92373
v -0.24701 -0.0760986 4.14789
v -0.877851 -0.235451 1.28458
v -0.877851 -0.237612 1.92373
v -0.180716 -0.190922 4.1475
v -0.642524 -0.645208 1.92235
v -0.180716 -0.190922 4.1475
v -0.144061 -0.154267 4.14763
v 0.878653 0.235668 1.14773
v 1.01039 0.27092 1.16174
v 1.01039 -0.270329 1.15991
v 0.878653 -0.234983 1.14614
v 0.643327 -0.642579 1.14476
v 0.739765 -0.739064 1.15833
v -0.234926 -0.876252 0.655308
v -0.234926 -0.877905 1.14397
v -0.234926 -0.880534 1.92156
v -0.234926 -0.878373 1.28241
v 0.181519 -0.190922 4.1475
v 0.643327 -0.645208 1.92235
v 0.235728 -0.880534 1.92156
v 0.235728 -0.878373 1.28241
v 0.643327 -0.643047 1.28321
v 0.643327 -0.640927 0.656104
v 0.235728 -0.877905 1.14397
v 0.235728 -0.876252 0.655308
v 0.643327 -0.642579 1.14476
v 0.235728 -0.880534 1.92156
v 0.066695 -0.257215 4.14728
v 0.643327 -0.645208 1.92235
v 0.066695 -0.257215 4.14728
v 0.053278 -0.207144 4.14745
v 0.181519 -0.190922 4.1475
v 0.144864 -0.154267 4.14763
v 0.271027 -1.00969 1.15741
v 0.235728 -0.877905 1.14397
v -0.270225 -1.00969 1.15741
v -0.234926 -0.877905 1.14397
v -0.738963 0.739281 1.27399
v -0.234926 0.878122 1.28835
v -0.270225 1.00991 1.27491
v -0.642524 0.642796 1.28755
v 0.878653 -0.233331 0.657482
v 0.878653 -0.234983 1.14614
v 0.878653 -0.237612 1.92373
v 0.878653 -0.235451 1.28458
v 0.878653 -0.237612 1.92373
v 0.247812 -0.0760986 4.14789
v 0.181519 -0.190922 4.1475
v 0.643327 -0.645208 1.92235
v 0.247812 -0.0760986 4.14789
v 0.197741 -0.0626816 4.14794
v -0.877851 0.2352 1.28617
v -1.00959 0.270546 1.27241
v -0.065892 -0.257215 4.14728
v -0.234926 -0.880534 1.92156
v -0.065892 -0.257215 4.14728
v -0.052476 -0.207144 4.14745
v -0.642524 -0.642579 1.14476
v -0.738963 -0.739064 1.15833
v -1.00959 -0.270329 1.15991
v -0.877851 -0.234983 1.14614
v -1.00959 0.27092 1.16174
v -0.877851 0.235668 1.14773
v -0.642524 0.643264 1.14911
v -0.738963 0.739656 1.16333
v -0.234926 0.87859 1.14991
v -0.270225 1.01028 1.16424
v -0.44116 0.46062 -4.38776
v -0.161221 0.622242 -4.38721
v -0.161221 0.621377 -4.13158
v -0.44116 0.459756 -4.13213
v -0.602782 0.180683 -4.38871
v -0.602782 0.179819 -4.13307
v -0.602782 -0.143424 -4.13416
v -0.602782 -0.14256 -4.3898
v -0.44116 -0.422497 -4.39075
v -0.44116 -0.423361 -4.13511
v -0.161221 -0.584118 -4.39129
v -0.161221 -0.584982 -4.13566
v 0.162024 -0.584982 -4.13566
v 0.162024 -0.584118 -4.39129
v 0.441962 -0.423361 -4.13511
v 0.441962 -0.422497 -4.39075
v 0.603585 -0.143424 -4.13416
v 0.603585 -0.14256 -4.3898
v 0.603585 0.179819 -4.13307
v 0.603585 0.180683 -4.38871
v 0.603585 0.180683 -4.38871
v 0.441962 0.46062 -4.38776
v 0.441962 0.459756 -4.13213
v 0.603585 0.179819 -4.13307
v 0.162024 0.622242 -4.38721
v 0.162024 0.621377 -4.13158
v -0.14014 0.54266 -4.11946
v -0.14014 0.533972 -1.55024
v 0.140943 0.54266 -4.11946
v 0.177848 0.669097 -0.778749
v 0.177848 0.671515 -1.49361
v 0.485195 0.491652 -0.779349
v 0.140943 0.533972 -1.55024
v 0.485195 0.494069 -1.49421
v -0.177046 0.671515 -1.49361
v -0.177046 0.669097 -0.778749
v 0.662642 0.186724 -1.49525
v 0.662642 0.184307 -0.780389
v -0.144061 -0.154267 4.14763
v -0.052476 -0.2079 4.3711
v -0.196938 0.0430714 4.14829
v -0.052476 -0.207144 4.14745
v -0.196938 -0.0634376 4.37159
v -1.00959 0.27092 1.16174
v -1.00959 0.270546 1.27241
v -0.196938 -0.0626816 4.14794
v -0.738963 0.739281 1.27399
v -0.738963 0.739656 1.16333
v -1.00959 -0.270703 1.27058
v -1.00959 -0.270329 1.15991
v -0.738963 -0.739064 1.15833
v -0.738963 -0.739438 1.26899
v -0.270225 -1.01006 1.26808
v -0.270225 -1.00969 1.15741
v 0.271027 -1.00969 1.15741
v 0.271027 -1.01006 1.26808
v 0.739765 -0.739064 1.15833
v 0.739765 -0.739438 1.26899
v 1.01039 -0.270703 1.27058
v 1.01039 -0.270329 1.15991
v 1.01039 0.27092 1.16174
v 1.01039 -0.270703 1.27058
v 1.01039 -0.270329 1.15991
v 1.01039 0.270546 1.27241
v 0.739765 0.739281 1.27399
v 0.739765 0.739656 1.16333
v 0.271027 1.00991 1.27491
v 0.271027 1.01028 1.16424
v -0.270225 1.01028 1.16424
v -0.270225 1.00991 1.27491
v 0.643327 0.640635 1.9267
v 0.144864 0.134656 4.1486
v 0.181519 0.171311 4.14873
v 0.643327 0.643264 1.14911
v 0.235728 0.880242 0.661248
v 0.235728 0.87859 1.14991
v 0.643327 0.644917 0.660452
v 0.197741 0.0430714 4.14829
v 0.235728 0.878122 1.28835
v 0.235728 0.875961 1.9275
v 0.053278 0.187533 4.14878
v 0.066695 0.237604 4.14895
v 0.181519 0.171311 4.14873
v 0.235728 0.875961 1.9275
v 0.066695 0.237604 4.14895
v 0.247812 0.0564884 4.14834
v 0.643327 0.640635 1.9267
v 0.643327 0.642796 1.28755
v 0.271027 1.00991 1.27491
v 0.235728 0.878122 1.28835
v 0.739765 0.739281 1.27399
v 0.643327 0.642796 1.28755
v 1.01039 0.270546 1.27241
v 0.878653 0.2352 1.28617
v 1.01039 -0.270703 1.27058
v 0.878653 -0.235451 1.28458
v 0.739765 -0.739438 1.26899
v 0.643327 -0.643047 1.28321
v 0.247812 0.0564884 4.14834
v 0.878653 0.233039 1.92532
v 0.878653 0.2352 1.28617
v 0.878653 0.233039 1.92532
v 0.878653 0.235668 1.14773
v 0.878653 0.237321 0.659074
v 0.235728 -0.878373 1.28241
v 0.271027 -1.01006 1.26808
v -0.234926 -0.878373 1.28241
v -0.270225 -1.01006 1.26808
v 0.140943 0.543566 -4.38748
v -0.14014 0.543566 -4.38748
v -0.14014 -0.505442 -4.39103
v 0.140943 -0.505442 -4.39103
v 0.053278 -0.207144 4.14745
v -0.052476 -0.2079 4.3711
v -0.052476 -0.207144 4.14745
v 0.144864 -0.155024 4.37128
v -0.065892 0.237604 4.14895
v -0.14014 0.54266 -4.11946
v -0.052476 0.187533 4.14878
v -0.161221 0.621377 -4.13158
v 0.140943 0.54266 -4.11946
v 0.162024 0.621377 -4.13158
v 0.384367 0.402119 -4.11993
v 0.441962 0.459756 -4.13213
v 0.524908 0.158696 -4.12075
v 0.603585 0.179819 -4.13307
v -0.144061 -0.154267 4.14763
v -0.196938 -0.0626816 4.14794
v -0.196938 -0.0634376 4.37159
v -0.052476 -0.2079 4.3711
v -0.144061 0.1339 4.37226
v -0.144061 0.134656 4.1486
v 0.603585 -0.143424 -4.13416
v 0.524908 -0.122385 -4.1217
v 0.441962 -0.423361 -4.13511
v 0.384367 -0.365808 -4.12253
v 0.140943 -0.506349 -4.123
v 0.162024 -0.584982 -4.13566
v -0.161221 -0.584982 -4.13566
v -0.14014 -0.506349 -4.123
v 0.197741 0.0423154 4.37195
v 0.197741 -0.0626816 4.14794
v 0.144864 -0.155024 4.37128
v 0.144864 -0.154267 4.14763
v 0.144864 -0.155024 4.37128
v -0.028053 -0.117598 4.62098
v 0.07814 -0.0891435 4.62107
v -0.052476 -0.2079 4.3711
v -0.44116 -0.423361 -4.13511
v -0.383565 -0.365808 -4.12253
v -0.602782 -0.143424 -4.13416
v -0.524106 -0.122385 -4.1217
v -0.524106 0.158696 -4.12075
v -0.602782 0.179819 -4.13307
v -0.383565 0.402119 -4.11993
v -0.44116 0.459756 -4.13213
v 0.053278 0.186777 4.37244
v -0.052476 0.187533 4.14878
v 0.053278 0.187533 4.14878
v -0.144061 0.1339 4.37226
v 0.07814 -0.0891435 4.62107
v 0.197741 0.0423154 4.37195
v 0.144864 -0.155024 4.37128
v 0.106594 0.0170485 4.62143
v -0.515086 0.535177 -4.5743
v -0.167972 0.648215 -4.61771
v -0.18828 0.723857 -4.57366
v -0.459603 0.479843 -4.61828
v 0.168774 0.648215 -4.61771
v 0.189082 0.723857 -4.57366
v -0.627976 0.188214 -4.61926
v -0.703767 0.208373 -4.5754
v 0.197741 0.0423154 4.37195
v 0.053278 0.186777 4.37244
v 0.106594 0.0170485 4.62143
v 0.028855 0.0947864 4.6217
v 0.144864 0.134656 4.1486
v 0.197741 0.0423154 4.37195
v 0.053278 0.186777 4.37244
v 0.197741 0.0430714 4.14829
v -0.703767 -0.168987 -4.57668
v -0.627976 -0.148531 -4.6204
v -0.459603 -0.44016 -4.62139
v -0.515086 -0.49579 -4.57779
v -0.167972 -0.608532 -4.62195
v -0.18828 -0.684471 -4.57842
v 0.168774 -0.608532 -4.62195
v 0.189082 -0.684471 -4.57842
v -0.105791 -0.0398595 4.62124
v -0.052476 -0.2079 4.3711
v -0.028053 -0.117598 4.62098
v -0.196938 -0.0634376 4.37159
v -0.196938 -0.0634376 4.37159
v -0.144061 0.1339 4.37226
v -0.077337 0.0663324 4.6216
v -0.105791 -0.0398595 4.62124
v 0.460405 -0.44016 -4.62139
v 0.515888 -0.49579 -4.57779
v 0.628778 -0.148531 -4.6204
v 0.704569 -0.168987 -4.57668
v 0.704569 0.208373 -4.5754
v 0.628778 0.188214 -4.61926
v 0.460405 0.479843 -4.61828
v 0.515888 0.535177 -4.5743
v 0.028855 0.0947864 4.6217
v -0.144061 0.1339 4.37226
v 0.053278 0.186777 4.37244
v -0.077337 0.0663324 4.6216
v 0.106594 0.0170485 4.62143
v 0.028855 0.0947864 4.6217
v 0.000401 -0.0114055 4.62134
v 0.168774 0.648215 -4.61771
v 0.140943 0.543566 -4.38748
v -0.14014 0.543566 -4.38748
v -0.167972 0.648215 -4.61771
v -0.383565 0.403025 -4.38796
v -0.459603 0.479843 -4.61828
v -0.524106 0.159602 -4.38878
v 0.07814 -0.0891435 4.62107
v -0.627976 0.188214 -4.61926
v -0.028053 -0.117598 4.62098
v -0.524106 -0.121479 -4.38973
v -0.627976 -0.148531 -4.6204
v -0.383565 -0.364902 -4.39055
v -0.459603 -0.44016 -4.62139
v -0.14014 -0.505442 -4.39103
v -0.167972 -0.608532 -4.62195
v 0.140943 -0.505442 -4.39103
v 0.168774 -0.608532 -4.62195
v -0.105791 -0.0398595 4.62124
v -0.077337 0.0663324 4.6216
v 0.384367 -0.364902 -4.39055
v 0.460405 -0.44016 -4.62139
v 0.524908 -0.121479 -4.38973
v 0.628778 -0.148531 -4.6204
v 0.524908 -0.121479 -4.38973
v 0.524908 0.159602 -4.38878
v 0.628778 -0.148531 -4.6204
v 0.628778 0.188214 -4.61926
v 0.384367 0.403025 -4.38796
v 0.460405 0.479843 -4.61828
v -0.234926 0.880242 0.661248
v -0.234926 0.87859 1.14991
v -0.44116 0.46062 -4.38776
v -0.515086 0.535177 -4.5743
v -0.602782 0.180683 -4.38871
v -0.703767 0.208373 -4.5754
v -0.602782 -0.14256 -4.3898
v -0.703767 -0.168987 -4.57668
v -0.234926 0.878122 1.28835
v -0.234926 0.875961 1.9275
v -0.234926 0.875961 1.9275
v -0.44116 -0.422497 -4.39075
v -0.515086 -0.49579 -4.57779
v -0.065892 0.237604 4.14895
v -0.18828 -0.684471 -4.57842
v -0.161221 -0.584118 -4.39129
v 0.189082 -0.684471 -4.57842
v 0.162024 -0.584118 -4.39129
v 0.515888 -0.49579 -4.57779
v 0.441962 -0.422497 -4.39075
v 0.162024 -0.584118 -4.39129
v 0.189082 -0.684471 -4.57842
v -0.642524 0.643264 1.14911
v -0.642524 0.644917 0.660452
v -0.642524 0.642796 1.28755
v -0.642524 0.640635 1.9267
v -0.738963 -0.739438 1.26899
v -0.642524 -0.643047 1.28321
v 0.878653 -0.237612 1.92373
v 0.878653 -0.235451 1.28458
v 0.878653 0.235668 1.14773
v 0.878653 0.237321 0.659074
v -1.00959 -0.270703 1.27058
v -0.877851 -0.235451 1.28458
v 0.235728 0.880242 0.661248
v -0.14014 0.529337 -0.179405
v -0.234926 0.880242 0.661248
v 0.140943 0.529337 -0.179405
v 0.643327 0.644917 0.660452
v 0.235728 0.880242 0.661248
v 0.140943 0.529337 -0.179405
v 0.384367 0.388797 -0.17988
v 0.878653 0.237321 0.659074
v 0.524908 0.145374 -0.180703
v 0.878653 -0.233331 0.657482
v 0.524908 -0.135707 -0.181654
v 0.643327 -0.640927 0.656104
v 0.384367 -0.37913 -0.182477
v 0.235728 -0.876252 0.655308
v 0.140943 -0.519671 -0.182952
v -0.234926 -0.876252 0.655308
v -0.14014 -0.519671 -0.182952
v -0.642524 -0.640927 0.656104
v -0.383565 -0.37913 -0.182477
v -0.877851 -0.233331 0.657482
v -0.524106 -0.135707 -0.181654
v -0.877851 0.237321 0.659074
v -0.524106 0.145374 -0.180703
v -0.642524 0.644917 0.660452
v -0.383565 0.388797 -0.17988
v 0.140943 0.529337 -0.179405
v 0.384367 0.390635 -0.723523
v 0.384367 0.388797 -0.17988
v 0.140943 0.531175 -0.723048
v 0.524908 0.145374 -0.180703
v 0.524908 0.147211 -0.724346
v 0.524908 -0.135707 -0.181654
v 0.524908 -0.133869 -0.725296
v 0.384367 -0.37913 -0.182477
v 0.524908 -0.133869 -0.725296
v 0.524908 -0.135707 -0.181654
v 0.384367 -0.377292 -0.726119
v 0.140943 -0.519671 -0.182952
v 0.140943 -0.517832 -0.726595
v -0.14014 -0.519671 -0.182952
v -0.14014 -0.517832 -0.726595
v -0.383565 -0.37913 -0.182477
v -0.383565 -0.377292 -0.726119
v -0.524106 -0.135707 -0.181654
v -0.524106 -0.133869 -0.725296
v -0.524106 0.145374 -0.180703
v -0.524106 0.147211 -0.724346
v -0.383565 0.388797 -0.17988
v -0.383565 0.390635 -0.723523
v -0.14014 0.529337 -0.179405
v -0.14014 0.531175 -0.723048
v 0.384367 0.402119 -4.11993
v 0.384367 0.393432 -1.55072
v 0.524908 0.158696 -4.12075
v 0.524908 0.150008 -1.55154
v 0.524908 -0.131073 -1.55249
v 0.524908 0.158696 -4.12075
v 0.524908 0.150008 -1.55154
v 0.524908 -0.122385 -4.1217
v 0.384367 -0.365808 -4.12253
v 0.384367 -0.374496 -1.55332
v 0.140943 -0.515036 -1.55379
v 0.140943 -0.506349 -4.123
v -0.14014 -0.515036 -1.55379
v -0.14014 -0.506349 -4.123
v -0.383565 -0.374496 -1.55332
v -0.383565 -0.365808 -4.12253
v -0.524106 -0.122385 -4.1217
v -0.524106 -0.131073 -1.55249
v -0.524106 0.150008 -1.55154
v -0.524106 0.158696 -4.12075
v -0.383565 0.393432 -1.55072
v -0.383565 0.402119 -4.11993
v -0.877851 0.233039 1.92532
v -0.877851 0.2352 1.28617
v -0.877851 0.235668 1.14773
v -0.877851 0.237321 0.659074
v -0.144061 0.134656 4.1486
v -0.180716 0.171311 4.14873
v -0.642524 0.640635 1.9267
v -0.180716 0.171311 4.14873
v 0.384367 0.403025 -4.38796
v 0.384367 -0.364902 -4.39055
v -0.383565 -0.364902 -4.39055
v -0.383565 0.403025 -4.38796
v -0.524106 -0.121479 -4.38973
v -0.524106 0.159602 -4.38878
v 0.524908 0.159602 -4.38878
v 0.524908 -0.121479 -4.38973
v -0.177046 0.671515 -1.49361
v 0.177848 0.671515 -1.49361
v 0.140943 0.533972 -1.55024
v -0.14014 0.533972 -1.55024
v -0.383565 0.393432 -1.55072
v -0.484392 0.494069 -1.49421
v -0.524106 0.150008 -1.55154
v -0.661839 0.186724 -1.49525
v -0.524106 -0.131073 -1.55249
v -0.661839 -0.168168 -1.49645
v -0.383565 -0.374496 -1.55332
v -0.484392 -0.475513 -1.49749
v -0.14014 -0.515036 -1.55379
v -0.177046 -0.652959 -1.49809
v 0.140943 -0.515036 -1.55379
v 0.177848 -0.652959 -1.49809
v 0.384367 -0.374496 -1.55332
v 0.485195 -0.475513 -1.49749
v 0.524908 -0.131073 -1.55249
v 0.662642 -0.168168 -1.49645
v 0.144864 -0.154267 4.14763
v 0.197741 0.0430714 4.14829
v 0.053278 0.187533 4.14878
v -0.144061 0.134656 4.1486
v 0.524908 0.150008 -1.55154
v 0.662642 0.186724 -1.49525
v 0.384367 0.393432 -1.55072
v 0.485195 0.494069 -1.49421
v -0.177046 0.669097 -0.778749
v -0.14014 0.531175 -0.723048
v 0.140943 0.531175 -0.723048
v 0.177848 0.669097 -0.778749
v 0.384367 0.390635 -0.723523
v 0.485195 0.491652 -0.779349
v 0.524908 0.147211 -0.724346
v 0.662642 0.184307 -0.780389
v 0.524908 -0.133869 -0.725296
v 0.662642 -0.170584 -0.781589
v 0.384367 -0.377292 -0.726119
v 0.485195 -0.477929 -0.782628
v 0.140943 -0.517832 -0.726595
v 0.177848 -0.655375 -0.783228
v -0.14014 -0.517832 -0.726595
v -0.177046 -0.655375 -0.783228
v -0.383565 -0.377292 -0.726119
v -0.484392 -0.477929 -0.782628
v -0.524106 -0.133869 -0.725296
v -0.661839 -0.170584 -0.781589
v -0.524106 0.147211 -0.724346
v -0.661839 0.184307 -0.780389
v -0.383565 0.390635 -0.723523
v -0.484392 0.491652 -0.779349
v -0.484392 0.491652 -0.779349
v -0.484392 0.494069 -1.49421
v -0.661839 0.184307 -0.780389
v -0.661839 0.186724 -1.49525
v -0.661839 -0.170584 -0.781589
v -0.661839 -0.168168 -1.49645
v -0.484392 -0.475513 -1.49749
v -0.484392 -0.477929 -0.782628
v 0.662642 -0.168168 -1.49645
v 0.662642 -0.170584 -0.781589
v 0.662642 -0.168168 -1.49645
v 0.485195 -0.477929 -0.782628
v 0.485195 -0.475513 -1.49749
v 0.662642 -0.170584 -0.781589
v 0.177848 -0.652959 -1.49809
v 0.177848 -0.655375 -0.783228
v -0.177046 -0.652959 -1.49809
v -0.177046 -0.655375 -0.783228
vn 0.129794 -0.989842 0.058027
vn 0 -0.999994 -0.00338005
vn 0.258595 -0.965229 0.0382377
vn 0.382412 -0.922154 0.0582539
vn 0.129794 -0.989842 0.058027
vn 0.258595 -0.965229 0.0382377
vn 0.382412 -0.922154 0.0582539
vn 0.258595 -0.965229 0.0382377
vn 0.500001 -0.86602 -0.00293102
vn 0.866025 -0.499998 -0.00169223
vn 0.965094 -0.258735 0.0406265
vn 0.921951 -0.382619 0.0600787
vn 0.965094 -0.258735 0.0406265
vn 0.989639 -0.130002 0.0609336
vn 0.921951 -0.382619 0.0600787
vn 0.989639 -0.130002 0.0609336
vn 0.965094 -0.258735 0.0406265
vn 1 0 0
vn 0.866025 0.499998 0.00169002
vn 0.706497 0.706353 0.0438895
vn 0.792154 0.607016 0.063425
vn 0.706497 0.706353 0.0438895
vn 0.607226 0.791943 0.0640501
vn 0.792154 0.607016 0.063425
vn 0.607226 0.791943 0.0640501
vn 0.706497 0.706353 0.0438895
vn 0.500001 0.86602 0.00292721
vn -0.129797 0.989426 0.0647185
vn 0 0.999994 0.00338005
vn -0.258599 0.964947 0.0447641
vn -0.382417 0.921737 0.0644896
vn -0.129797 0.989426 0.0647185
vn -0.258599 0.964947 0.0447641
vn -0.382417 0.921737 0.0644896
vn -0.258599 0.964947 0.0447641
vn -0.500005 0.866018 0.00292714
vn -0.789607 0.457266 -0.40918
vn -0.695804 0.583123 -0.419314
vn -0.789607 0.457266 -0.40918
vn -0.695804 0.583123 -0.419314
vn -0.581702 0.697225 -0.418928
vn -0.789607 0.457266 -0.40918
vn -0.695804 0.583123 -0.419314
vn -0.311733 0.85309 -0.418401
vn -0.581702 0.697225 -0.418928
vn -0.311733 0.85309 -0.418401
vn -0.155867 0.894854 -0.41826
vn -0.581702 0.697225 -0.418928
vn -0.311733 0.85309 -0.418401
vn 0.155866 0.894854 -0.418261
vn -0.155867 0.894854 -0.41826
vn 0.155866 0.894854 -0.418261
vn 0.311733 0.85309 -0.418402
vn -0.155867 0.894854 -0.41826
vn 0.155866 0.894854 -0.418261
vn 0.581701 0.697225 -0.418928
vn 0.311733 0.85309 -0.418402
vn 0.581701 0.697225 -0.418928
vn 0.695804 0.583123 -0.419314
vn 0.311733 0.85309 -0.418402
vn 0.581701 0.697225 -0.418928
vn 0.851671 0.313156 -0.420227
vn 0.695804 0.583123 -0.419314
vn 0.851671 0.313156 -0.420227
vn 0.893435 0.15729 -0.420754
vn 0.695804 0.583123 -0.419314
vn 0.851671 0.313156 -0.420227
vn 0.893435 -0.154441 -0.421808
vn 0.893435 0.15729 -0.420754
vn 0.893435 -0.154441 -0.421808
vn 0.85167 -0.310307 -0.422336
vn 0.893435 0.15729 -0.420754
vn 0.893435 -0.154441 -0.421808
vn 0.695802 -0.580274 -0.42325
vn 0.85167 -0.310307 -0.422336
vn 0.695802 -0.580274 -0.42325
vn 0.581701 -0.694376 -0.423635
vn 0.85167 -0.310307 -0.422336
vn 0.695802 -0.580274 -0.42325
vn 0.311733 -0.850241 -0.424161
vn 0.581701 -0.694376 -0.423635
vn 0.311733 -0.850241 -0.424161
vn 0.155867 -0.892006 -0.424301
vn 0.581701 -0.694376 -0.423635
vn 0.311733 -0.850241 -0.424161
vn -0.155866 -0.892006 -0.424301
vn 0.155867 -0.892006 -0.424301
vn -0.155866 -0.892006 -0.424301
vn -0.311733 -0.850241 -0.424161
vn 0.155867 -0.892006 -0.424301
vn -0.155866 -0.892006 -0.424301
vn -0.581702 -0.694375 -0.423635
vn -0.311733 -0.850241 -0.424161
vn -0.581702 -0.694375 -0.423635
vn -0.695804 -0.580273 -0.42325
vn -0.311733 -0.850241 -0.424161
vn -0.581702 -0.694375 -0.423635
vn -0.85167 -0.310307 -0.422336
vn -0.695804 -0.580273 -0.42325
vn -0.85167 -0.310307 -0.422336
vn -0.893435 -0.154442 -0.421808
vn -0.695804 -0.580273 -0.42325
vn -0.85167 -0.310307 -0.422336
vn -0.91176 0.00138909 -0.410722
vn -0.893435 -0.154442 -0.421808
vn -0.91176 0.00138909 -0.410722
vn -0.91176 0.00138935 -0.410722
vn -0.893435 -0.154442 -0.421808
vn 0.439838 -0.763423 0.473
vn 0.560224 -0.671756 0.484658
vn 0.439837 -0.763424 0.472998
vn 0.560224 -0.671756 0.484658
vn 0.670113 -0.561868 0.485029
vn 0.439837 -0.763424 0.472998
vn 0.560224 -0.671756 0.484658
vn 0.820225 -0.301868 0.485908
vn 0.670113 -0.561868 0.485029
vn 0.820225 -0.301868 0.485908
vn 0.860447 -0.151757 0.486416
vn 0.670113 -0.561868 0.485029
vn 0.820225 -0.301868 0.485908
vn 0.860447 0.148464 0.487431
vn 0.860447 -0.151757 0.486416
vn 0.860447 0.148464 0.487431
vn 0.820224 0.298575 0.48794
vn 0.860447 -0.151757 0.486416
vn 0.860447 0.148464 0.487431
vn 0.670111 0.558574 0.488821
vn 0.820224 0.298575 0.48794
vn 0.670111 0.558574 0.488821
vn 0.560222 0.668463 0.489192
vn 0.820224 0.298575 0.48794
vn 0.670111 0.558574 0.488821
vn 0.300222 0.818573 0.489698
vn 0.560222 0.668463 0.489192
vn 0.300222 0.818573 0.489698
vn 0.150112 0.858796 0.489833
vn 0.560222 0.668463 0.489192
vn 0.300222 0.818573 0.489698
vn -0.150111 0.858795 0.489834
vn 0.150112 0.858796 0.489833
vn -0.150111 0.858795 0.489834
vn -0.300222 0.818573 0.489699
vn 0.150112 0.858796 0.489833
vn -0.150111 0.858795 0.489834
vn -0.560222 0.668462 0.489193
vn -0.300222 0.818573 0.489699
vn -0.560222 0.668462 0.489193
vn -0.670112 0.558573 0.488822
vn -0.300222 0.818573 0.489699
vn -0.560222 0.668462 0.489193
vn -0.820223 0.298574 0.487942
vn -0.670112 0.558573 0.488822
vn -0.820223 0.298574 0.487942
vn -0.860445 0.148464 0.487434
vn -0.670112 0.558573 0.488822
vn -0.820223 0.298574 0.487942
vn -0.860445 -0.151757 0.486419
vn -0.860445 0.148464 0.487434
vn -0.860445 -0.151757 0.486419
vn -0.820224 -0.301867 0.485911
vn -0.860445 0.148464 0.487434
vn -0.860445 -0.151757 0.486419
vn -0.670114 -0.561866 0.48503
vn -0.820224 -0.301867 0.485911
vn -0.670114 -0.561866 0.48503
vn -0.560224 -0.671755 0.484659
vn -0.820224 -0.301867 0.485911
vn -0.670114 -0.561866 0.48503
vn -0.300222 -0.821865 0.484153
vn -0.560224 -0.671755 0.484659
vn -0.300222 -0.821865 0.484153
vn -0.15011 -0.862087 0.484018
vn -0.560224 -0.671755 0.484659
vn -0.300222 -0.821865 0.484153
vn 0 -0.881275 0.472603
vn -0.15011 -0.862087 0.484018
vn 0 -0.881275 0.472603
vn 0 -0.881275 0.472603
vn -0.15011 -0.862087 0.484018
vn -0.100198 -0.0208441 0.994749
vn -0.095512 0.0315959 0.994927
vn -0.100196 0.0141156 0.994868
vn -0.100196 0.0141156 0.994868
vn -0.095512 0.0315959 0.994927
vn -0.0780334 0.0618726 0.995029
vn -0.095512 0.0315959 0.994927
vn -0.0652373 0.074669 0.995072
vn -0.0780334 0.0618726 0.995029
vn -0.0349598 0.0921485 0.995131
vn -0.0780334 0.0618726 0.995029
vn -0.0652373 0.074669 0.995072
vn -0.0174793 0.0968309 0.995147
vn -0.0349598 0.0921485 0.995131
vn -0.0652373 0.074669 0.995072
vn -0.0349598 0.0921485 0.995131
vn -0.0174793 0.0968309 0.995147
vn 0.0174797 0.0968308 0.995147
vn -0.0174793 0.0968309 0.995147
vn 0.0349599 0.0921488 0.995131
vn 0.0174797 0.0968308 0.995147
vn 0.0174797 0.0968308 0.995147
vn 0.0349599 0.0921488 0.995131
vn 0.0652372 0.0746699 0.995072
vn 0.0349599 0.0921488 0.995131
vn 0.0780331 0.061873 0.995029
vn 0.0652372 0.0746699 0.995072
vn 0.0652372 0.0746699 0.995072
vn 0.0780331 0.061873 0.995029
vn 0.0955121 0.0315952 0.994927
vn 0.0780331 0.061873 0.995029
vn 0.100197 0.014115 0.994868
vn 0.0955121 0.0315952 0.994927
vn 0.0955121 0.0315952 0.994927
vn 0.100197 0.014115 0.994868
vn 0.100199 -0.0208439 0.994749
vn 0.100197 0.014115 0.994868
vn 0.095517 -0.0383236 0.99469
vn 0.100199 -0.0208439 0.994749
vn 0.100199 -0.0208439 0.994749
vn 0.095517 -0.0383236 0.99469
vn 0.0780353 -0.0686011 0.994588
vn 0.095517 -0.0383236 0.99469
vn 0.0652383 -0.0813991 0.994544
vn 0.0780353 -0.0686011 0.994588
vn 0.0780353 -0.0686011 0.994588
vn 0.0652383 -0.0813991 0.994544
vn 0.0349609 -0.098881 0.994485
vn 0.0652383 -0.0813991 0.994544
vn 0.0174808 -0.103566 0.994469
vn 0.0349609 -0.098881 0.994485
vn 0.0349609 -0.098881 0.994485
vn 0.0174808 -0.103566 0.994469
vn -0.0174805 -0.103566 0.994469
vn 0.0174808 -0.103566 0.994469
vn -0.0349608 -0.0988808 0.994485
vn -0.0174805 -0.103566 0.994469
vn -0.0174805 -0.103566 0.994469
vn -0.0349608 -0.0988808 0.994485
vn -0.0652381 -0.0813986 0.994544
vn -0.0349608 -0.0988808 0.994485
vn -0.0780353 -0.0686008 0.994588
vn -0.0652381 -0.0813986 0.994544
vn -0.0652381 -0.0813986 0.994544
vn -0.0780353 -0.0686008 0.994588
vn -0.0955166 -0.0383242 0.99469
vn -0.0780353 -0.0686008 0.994588
vn -0.100198 -0.0208441 0.994749
vn -0.0955166 -0.0383242 0.99469
vn -0.0955166 -0.0383242 0.99469
vn -0.100198 -0.0208441 0.994749
vn -0.100196 0.0141156 0.994868
vn 0 0.92283 -0.385207
vn -0.157624 0.904851 -0.395474
vn 0 0.92283 -0.385207
vn -0.157624 0.904851 -0.395474
vn -0.315248 0.862616 -0.395617
vn 0 0.92283 -0.385207
vn -0.157624 0.904851 -0.395474
vn -0.58826 0.704992 -0.39615
vn -0.315248 0.862616 -0.395617
vn -0.58826 0.704993 -0.39615
vn -0.703649 0.589605 -0.396541
vn -0.315248 0.862616 -0.395617
vn -0.58826 0.704993 -0.39615
vn -0.861273 0.316594 -0.397464
vn -0.703649 0.589605 -0.396541
vn -0.861273 0.316594 -0.397464
vn -0.903508 0.158971 -0.397997
vn -0.703649 0.589605 -0.396541
vn -0.861273 0.316594 -0.397464
vn -0.903508 -0.156275 -0.399063
vn -0.903508 0.158971 -0.397997
vn -0.903508 -0.156275 -0.399063
vn -0.861273 -0.313898 -0.399595
vn -0.903508 0.158971 -0.397997
vn -0.903508 -0.156275 -0.399063
vn -0.703649 -0.586909 -0.400519
vn -0.861273 -0.313898 -0.399595
vn -0.703649 -0.586909 -0.400519
vn -0.58826 -0.702298 -0.400909
vn -0.861273 -0.313898 -0.399595
vn -0.703649 -0.586909 -0.400519
vn -0.315248 -0.859921 -0.401442
vn -0.58826 -0.702298 -0.400909
vn -0.315248 -0.859921 -0.401442
vn -0.157624 -0.902156 -0.401584
vn -0.58826 -0.702298 -0.400909
vn -0.315248 -0.859921 -0.401442
vn 0.157625 -0.902156 -0.401584
vn -0.157624 -0.902156 -0.401584
vn 0.157625 -0.902156 -0.401584
vn 0.315248 -0.859921 -0.401441
vn -0.157624 -0.902156 -0.401584
vn 0.157625 -0.902156 -0.401584
vn 0.58826 -0.702297 -0.400909
vn 0.315248 -0.859921 -0.401441
vn 0.58826 -0.702297 -0.400909
vn 0.703649 -0.586909 -0.400519
vn 0.315248 -0.859921 -0.401441
vn 0.58826 -0.702297 -0.400909
vn 0.861273 -0.313898 -0.399596
vn 0.703649 -0.586909 -0.400519
vn 0.861273 -0.313898 -0.399596
vn 0.903508 -0.156275 -0.399062
vn 0.703649 -0.586909 -0.400519
vn 0.861273 -0.313898 -0.399596
vn 0.903508 0.158971 -0.397997
vn 0.903508 -0.156275 -0.399063
vn 0.903508 0.158971 -0.397997
vn 0.861273 0.316593 -0.397464
vn 0.903508 -0.156275 -0.399063
vn 0.903508 0.158971 -0.397997
vn 0.70365 0.589603 -0.396541
vn 0.861273 0.316593 -0.397464
vn 0.70365 0.589603 -0.396541
vn 0.588261 0.704992 -0.396151
vn 0.861273 0.316593 -0.397464
vn 0.70365 0.589603 -0.396541
vn 0.460761 0.79937 -0.385625
vn 0.588261 0.704992 -0.396151
vn 0.460761 0.79937 -0.385625
vn 0.46076 0.799371 -0.385624
vn 0.588261 0.704992 -0.396151
vn 1 0 0
vn 0.985121 0.17186 0.000581013
vn 1 0 0
vn 0.985121 0.17186 0.000581013
vn 0.939071 0.343721 0.00116235
vn 1 0 0
vn 0.985121 0.17186 0.000581013
vn 0.767209 0.641393 0.00216925
vn 0.939071 0.343721 0.00116235
vn 0.767209 0.641393 0.00216925
vn 0.641398 0.767204 0.00259462
vn 0.939071 0.343721 0.00116235
vn 0.767209 0.641393 0.00216925
vn 0.343724 0.939065 0.00317535
vn 0.641398 0.767204 0.00259462
vn 0.343724 0.939065 0.00317535
vn 0.171863 0.985115 0.00333052
vn 0.641398 0.767204 0.00259462
vn 0.343724 0.939065 0.00317535
vn -0.171861 0.985116 0.00333052
vn 0.171863 0.985115 0.00333052
vn -0.171861 0.985116 0.00333052
vn -0.343723 0.939066 0.00317535
vn 0.171863 0.985115 0.00333052
vn -0.171861 0.985116 0.00333052
vn -0.641397 0.767204 0.00259462
vn -0.343723 0.939066 0.00317535
vn -0.641397 0.767204 0.00259462
vn -0.76721 0.641393 0.00216925
vn -0.343723 0.939066 0.00317535
vn -0.641397 0.767204 0.00259462
vn -0.939071 0.343721 0.00116235
vn -0.76721 0.641393 0.00216925
vn -0.939071 0.343721 0.00116235
vn -0.985121 0.171861 0.000581015
vn -0.76721 0.641393 0.00216925
vn -0.939071 0.343721 0.00116235
vn -0.985121 -0.171861 -0.000581016
vn -0.985121 0.171861 0.000581015
vn -0.985121 -0.171861 -0.000581016
vn -0.939071 -0.343722 -0.00116203
vn -0.985121 0.171861 0.000581015
vn -0.985121 -0.171861 -0.000581016
vn -0.767209 -0.641394 -0.00216838
vn -0.939071 -0.343722 -0.00116203
vn -0.767209 -0.641394 -0.00216838
vn -0.641397 -0.767205 -0.0025943
vn -0.939071 -0.343722 -0.00116203
vn -0.767209 -0.641394 -0.00216838
vn -0.343723 -0.939066 -0.00317599
vn -0.641397 -0.767205 -0.0025943
vn -0.343723 -0.939066 -0.00317599
vn -0.171862 -0.985115 -0.00333235
vn -0.641397 -0.767205 -0.0025943
vn -0.343723 -0.939066 -0.00317599
vn 0.171862 -0.985115 -0.00333235
vn -0.171862 -0.985115 -0.00333235
vn 0.171862 -0.985115 -0.00333235
vn 0.343725 -0.939065 -0.00317599
vn -0.171862 -0.985115 -0.00333235
vn 0.171862 -0.985115 -0.00333235
vn 0.641398 -0.767204 -0.0025943
vn 0.343725 -0.939065 -0.00317599
vn 0.641398 -0.767204 -0.0025943
vn 0.76721 -0.641393 -0.00216838
vn 0.343725 -0.939065 -0.00317599
vn 0.641398 -0.767204 -0.0025943
vn 0.866026 -0.499997 -0.00169036
vn 0.76721 -0.641393 -0.00216838
vn 0.866026 -0.499997 -0.00169036
vn 0.866026 -0.499997 -0.00169036
vn 0.76721 -0.641393 -0.00216838
vn -2.89253e-006 0.00338268 -0.999994
vn 1.61735e-006 0.00338074 -0.999994
vn 2.55884e-006 0.00338122 -0.999994
vn 1.61735e-006 0.00338074 -0.999994
vn 2.08493e-006 0.00337987 -0.999994
vn 2.55884e-006 0.00338122 -0.999994
vn 1.61735e-006 0.00338074 -0.999994
vn -5.85139e-007 0.00337998 -0.999994
vn 2.08493e-006 0.00337987 -0.999994
vn -5.85139e-007 0.00337998 -0.999994
vn -4.96595e-007 0.00338009 -0.999994
vn 2.08493e-006 0.00337987 -0.999994
vn -5.85139e-007 0.00337998 -0.999994
vn 1.51669e-007 0.00338009 -0.999994
vn -4.96595e-007 0.00338009 -0.999994
vn 1.51669e-007 0.00338009 -0.999994
vn 7.11387e-007 0.00337998 -0.999994
vn -4.96595e-007 0.00338009 -0.999994
vn 7.11387e-007 0.00337998 -0.999994
vn 1.51669e-007 0.00338009 -0.999994
vn -1.10944e-008 0.00337987 -0.999994
vn -4.51949e-006 0.00338074 -0.999994
vn 7.11387e-007 0.00337998 -0.999994
vn -1.10944e-008 0.00337987 -0.999994
vn -4.51949e-006 0.00338074 -0.999994
vn -1.10944e-008 0.00337987 -0.999994
vn -7.61881e-006 0.00338122 -0.999994
vn -1.30702e-005 0.00338268 -0.999994
vn -4.51949e-006 0.00338074 -0.999994
vn -7.61881e-006 0.00338122 -0.999994
vn 0.235881 -0.285293 0.928961
vn 0.345355 -0.129552 0.929487
vn 0.28215 -0.239025 0.929117
vn 0.235881 -0.285293 0.928961
vn 0.28215 -0.239025 0.929117
vn 0.126407 -0.348495 0.928748
vn 0.0632036 -0.365428 0.928691
vn 0.235881 -0.285293 0.928961
vn 0.126407 -0.348495 0.928748
vn 0.0632036 -0.365428 0.928691
vn 0.126407 -0.348495 0.928748
vn -0.0632022 -0.365428 0.928692
vn -0.126407 -0.348495 0.928748
vn 0.0632036 -0.365428 0.928691
vn -0.0632022 -0.365428 0.928692
vn -0.126407 -0.348495 0.928748
vn -0.0632022 -0.365428 0.928692
vn -0.235881 -0.285293 0.928961
vn -0.282152 -0.239026 0.929116
vn -0.126407 -0.348495 0.928748
vn -0.235881 -0.285293 0.928961
vn -0.282152 -0.239026 0.929116
vn -0.235881 -0.285293 0.928961
vn -0.345357 -0.129552 0.929486
vn -0.362292 -0.0663481 0.9297
vn -0.282152 -0.239026 0.929116
vn -0.345357 -0.129552 0.929486
vn -0.362292 -0.0663481 0.9297
vn -0.345357 -0.129552 0.929486
vn -0.362291 0.0600599 0.930128
vn -0.345353 0.123262 0.930343
vn -0.362292 -0.0663481 0.9297
vn -0.362291 0.0600599 0.930128
vn -0.345353 0.123262 0.930343
vn -0.362291 0.0600599 0.930128
vn -0.282148 0.232734 0.930713
vn -0.235878 0.279 0.930871
vn -0.345353 0.123262 0.930343
vn -0.282148 0.232734 0.930713
vn -0.235878 0.279 0.930871
vn -0.282148 0.232734 0.930713
vn -0.126406 0.342203 0.931085
vn -0.0632031 0.359138 0.931142
vn -0.235878 0.279 0.930871
vn -0.126406 0.342203 0.931085
vn -0.0632031 0.359138 0.931142
vn -0.126406 0.342203 0.931085
vn 0.0632031 0.359138 0.931142
vn 0.126406 0.342203 0.931085
vn -0.0632031 0.359138 0.931142
vn 0.0632031 0.359138 0.931142
vn 0.126406 0.342203 0.931085
vn 0.0632031 0.359138 0.931142
vn 0.235877 0.279 0.930871
vn 0.282146 0.232732 0.930714
vn 0.126406 0.342203 0.931085
vn 0.235877 0.279 0.930871
vn 0.282146 0.232732 0.930714
vn 0.235877 0.279 0.930871
vn 0.345351 0.123262 0.930344
vn 0.362288 0.0600591 0.930129
vn 0.282146 0.232732 0.930714
vn 0.345351 0.123262 0.930344
vn 0.362288 0.0600591 0.930129
vn 0.345351 0.123262 0.930344
vn 0.362289 -0.0663476 0.929701
vn 0.345355 -0.129552 0.929487
vn 0.362288 0.0600591 0.930129
vn 0.362289 -0.0663476 0.929701
vn 0.345355 -0.129552 0.929487
vn 0.362289 -0.0663476 0.929701
vn 0.28215 -0.239025 0.929117
vn -0.989639 0.129588 0.0618113
vn -0.965093 0.258455 0.0423755
vn -1 0 0
vn -0.989639 0.129588 0.0618113
vn -0.921951 0.382204 0.0626652
vn -0.965093 0.258455 0.0423755
vn -0.921951 0.382204 0.0626652
vn -0.866025 0.499998 0.00168999
vn -0.965093 0.258455 0.0423755
vn 0.0955123 -0.0315967 -0.994927
vn 0.100198 -0.0141161 -0.994867
vn 0.100201 0.0208448 -0.994749
vn 0.0780336 -0.0618742 -0.995029
vn 0.100198 -0.0141161 -0.994867
vn 0.0955123 -0.0315967 -0.994927
vn 0.0652384 -0.0746703 -0.995072
vn 0.0780336 -0.0618742 -0.995029
vn 0.0955123 -0.0315967 -0.994927
vn 0.0349613 -0.0921488 -0.995131
vn 0.0780336 -0.0618742 -0.995029
vn 0.0652384 -0.0746703 -0.995072
vn 0.0174804 -0.0968313 -0.995147
vn 0.0349613 -0.0921488 -0.995131
vn 0.0652384 -0.0746703 -0.995072
vn -0.0174801 -0.0968314 -0.995147
vn 0.0349613 -0.0921488 -0.995131
vn 0.0174804 -0.0968313 -0.995147
vn -0.0349612 -0.0921485 -0.995131
vn -0.0174801 -0.0968314 -0.995147
vn 0.0174804 -0.0968313 -0.995147
vn -0.0652384 -0.0746696 -0.995072
vn -0.0174801 -0.0968314 -0.995147
vn -0.0349612 -0.0921485 -0.995131
vn -0.0780338 -0.0618739 -0.995029
vn -0.0652384 -0.0746696 -0.995072
vn -0.0349612 -0.0921485 -0.995131
vn -0.095512 -0.0315976 -0.994927
vn -0.0652384 -0.0746696 -0.995072
vn -0.0780338 -0.0618739 -0.995029
vn -0.100197 -0.0141166 -0.994867
vn -0.095512 -0.0315976 -0.994927
vn -0.0780338 -0.0618739 -0.995029
vn -0.1002 0.0208446 -0.994749
vn -0.095512 -0.0315976 -0.994927
vn -0.100197 -0.0141166 -0.994867
vn -0.09552 0.0383266 -0.994689
vn -0.1002 0.0208446 -0.994749
vn -0.100197 -0.0141166 -0.994867
vn -0.078039 0.0686054 -0.994587
vn -0.1002 0.0208446 -0.994749
vn -0.09552 0.0383266 -0.994689
vn -0.0652417 0.0814023 -0.994544
vn -0.078039 0.0686054 -0.994587
vn -0.09552 0.0383266 -0.994689
vn -0.0349626 0.0988827 -0.994485
vn -0.078039 0.0686054 -0.994587
vn -0.0652417 0.0814023 -0.994544
vn -0.0174811 0.103566 -0.994469
vn -0.0349626 0.0988827 -0.994485
vn -0.0652417 0.0814023 -0.994544
vn -0.0349626 0.0988827 -0.994485
vn -0.0174811 0.103566 -0.994469
vn 0.0174808 0.103566 -0.994469
vn -0.0174811 0.103566 -0.994469
vn 0.0349625 0.0988827 -0.994485
vn 0.0174808 0.103566 -0.994469
vn 0.065242 0.0814022 -0.994544
vn 0.0174808 0.103566 -0.994469
vn 0.0349625 0.0988827 -0.994485
vn 0.0780396 0.0686054 -0.994587
vn 0.065242 0.0814022 -0.994544
vn 0.0349625 0.0988827 -0.994485
vn 0.0955206 0.0383259 -0.994689
vn 0.065242 0.0814022 -0.994544
vn 0.0780396 0.0686054 -0.994587
vn 0.100201 0.0208448 -0.994749
vn 0.0955206 0.0383259 -0.994689
vn 0.0780396 0.0686054 -0.994587
vn 0.100198 -0.0141161 -0.994867
vn 0.0955206 0.0383259 -0.994689
vn 0.100201 0.0208448 -0.994749
vn 0.866025 -0.499998 -0.00169043
vn 0.767209 -0.641394 -0.00216852
vn 0.866025 -0.499998 -0.00169046
vn 0.767209 -0.641394 -0.00216852
vn 0.641397 -0.767205 -0.00259384
vn 0.866025 -0.499998 -0.00169046
vn 0.767209 -0.641394 -0.00216852
vn 0.343724 -0.939065 -0.00317483
vn 0.641397 -0.767205 -0.00259384
vn 0.343724 -0.939065 -0.00317483
vn 0.171862 -0.985115 -0.00333045
vn 0.641397 -0.767205 -0.00259384
vn 0.343724 -0.939065 -0.00317483
vn -0.171862 -0.985115 -0.00333045
vn 0.171862 -0.985115 -0.00333045
vn -0.171862 -0.985115 -0.00333045
vn -0.343725 -0.939065 -0.00317483
vn 0.171862 -0.985115 -0.00333045
vn -0.171862 -0.985115 -0.00333045
vn -0.641398 -0.767204 -0.00259384
vn -0.343725 -0.939065 -0.00317483
vn -0.641398 -0.767204 -0.00259384
vn -0.767209 -0.641394 -0.00216852
vn -0.343725 -0.939065 -0.00317483
vn -0.641398 -0.767204 -0.00259384
vn -0.965926 -0.258818 -0.000875046
vn -0.767209 -0.641394 -0.00216852
vn -0.965926 -0.258818 -0.000875046
vn -0.965926 -0.258818 -0.000875033
vn -0.767209 -0.641394 -0.00216852
vn -0.965926 -0.258818 -0.000875033
vn -0.965926 -0.258818 -0.000875046
vn -0.985121 0.171861 0.000581042
vn -0.965926 -0.258818 -0.000875046
vn -0.939071 0.343722 0.00116209
vn -0.985121 0.171861 0.000581042
vn -0.985121 0.171861 0.000581042
vn -0.939071 0.343722 0.00116209
vn -0.767209 0.641394 0.0021685
vn -0.939071 0.343722 0.00116209
vn -0.641397 0.767204 0.00259427
vn -0.767209 0.641394 0.0021685
vn -0.767209 0.641394 0.0021685
vn -0.641397 0.767204 0.00259427
vn -0.343724 0.939065 0.00317578
vn -0.641397 0.767204 0.00259427
vn -0.171862 0.985115 0.00333193
vn -0.343724 0.939065 0.00317578
vn 0.258819 0.96592 0.00326671
vn -0.343724 0.939065 0.00317578
vn -0.171862 0.985115 0.00333193
vn 0.258818 0.965921 0.00326701
vn 0.258819 0.96592 0.00326671
vn -0.171862 0.985115 0.00333193
vn 0.258818 0.965921 0.00326701
vn 0.641397 0.767205 0.00259427
vn 0.258819 0.96592 0.00326671
vn 0.641397 0.767205 0.00259427
vn 0.767209 0.641394 0.00216851
vn 0.258819 0.96592 0.00326671
vn 0.641397 0.767205 0.00259427
vn 0.939071 0.343722 0.00116209
vn 0.767209 0.641394 0.00216851
vn 0.939071 0.343722 0.00116209
vn 0.985121 0.171861 0.000581042
vn 0.767209 0.641394 0.00216851
vn 0.939071 0.343722 0.00116209
vn 1 0 0
vn 0.985121 0.171861 0.000581042
vn 1 0 0
vn 1 0 0
vn 0.985121 0.171861 0.000581042
vn 0.282147 -0.232732 -0.930714
vn 0.235877 -0.278999 -0.930871
vn 0.345351 -0.123262 -0.930343
vn 0.282147 -0.232732 -0.930714
vn 0.126406 -0.342201 -0.931085
vn 0.235877 -0.278999 -0.930871
vn 0.126406 -0.342201 -0.931085
vn 0.0632026 -0.359135 -0.931143
vn 0.235877 -0.278999 -0.930871
vn 0.126406 -0.342201 -0.931085
vn -0.063203 -0.359135 -0.931143
vn 0.0632026 -0.359135 -0.931143
vn -0.063203 -0.359135 -0.931143
vn -0.126406 -0.342201 -0.931085
vn 0.0632026 -0.359135 -0.931143
vn -0.063203 -0.359135 -0.931143
vn -0.235878 -0.279 -0.930871
vn -0.126406 -0.342201 -0.931085
vn -0.235878 -0.279 -0.930871
vn -0.282148 -0.232734 -0.930713
vn -0.126406 -0.342201 -0.931085
vn -0.235878 -0.279 -0.930871
vn -0.345354 -0.123263 -0.930342
vn -0.282148 -0.232734 -0.930713
vn -0.345354 -0.123263 -0.930342
vn -0.362291 -0.0600602 -0.930128
vn -0.282148 -0.232734 -0.930713
vn -0.345354 -0.123263 -0.930342
vn -0.362291 0.0663479 -0.9297
vn -0.362291 -0.0600602 -0.930128
vn -0.362291 0.0663479 -0.9297
vn -0.345357 0.129552 -0.929486
vn -0.362291 -0.0600602 -0.930128
vn -0.362291 0.0663479 -0.9297
vn -0.282153 0.239025 -0.929116
vn -0.345357 0.129552 -0.929486
vn -0.282153 0.239025 -0.929116
vn -0.235881 0.285292 -0.928961
vn -0.345357 0.129552 -0.929486
vn -0.282153 0.239025 -0.929116
vn -0.126407 0.348493 -0.928748
vn -0.235881 0.285292 -0.928961
vn -0.126407 0.348493 -0.928749
vn -0.0632019 0.365426 -0.928692
vn -0.235881 0.285292 -0.928961
vn -0.126407 0.348493 -0.928749
vn 0.0632036 0.365426 -0.928692
vn -0.0632019 0.365426 -0.928692
vn 0.0632036 0.365426 -0.928692
vn 0.126407 0.348494 -0.928748
vn -0.0632019 0.365426 -0.928692
vn 0.0632036 0.365426 -0.928692
vn 0.235881 0.285292 -0.928961
vn 0.126407 0.348494 -0.928748
vn 0.235881 0.285292 -0.928961
vn 0.28215 0.239025 -0.929117
vn 0.126407 0.348494 -0.928748
vn 0.235881 0.285292 -0.928961
vn 0.345355 0.129552 -0.929487
vn 0.28215 0.239025 -0.929117
vn 0.345355 0.129552 -0.929487
vn 0.362289 0.0663473 -0.929701
vn 0.28215 0.239025 -0.929117
vn 0.345355 0.129552 -0.929487
vn 0.362289 -0.0600592 -0.930129
vn 0.362289 0.0663473 -0.929701
vn 0.362289 -0.0600592 -0.930129
vn 0.345351 -0.123262 -0.930343
vn 0.362289 0.0663473 -0.929701
vn 0.362289 -0.0600592 -0.930129
vn 0.282147 -0.232732 -0.930714
vn 0.345351 -0.123262 -0.930343
vn 0.343723 -0.939066 -0.0031759
vn 0.171862 -0.985115 -0.0033324
vn -0.171861 -0.985116 -0.0033324
vn 0.171862 -0.985115 -0.0033324
vn -0.343724 -0.939065 -0.0031759
vn -0.171861 -0.985116 -0.0033324
vn -0.171861 -0.985116 -0.0033324
vn -0.343724 -0.939065 -0.0031759
vn -0.641397 -0.767205 -0.00259412
vn -0.343724 -0.939065 -0.0031759
vn -0.767209 -0.641393 -0.00216814
vn -0.641397 -0.767205 -0.00259412
vn -0.641397 -0.767205 -0.00259412
vn -0.767209 -0.641393 -0.00216814
vn -0.939071 -0.343722 -0.00116192
vn -0.767209 -0.641393 -0.00216814
vn -0.985121 -0.171861 -0.000580975
vn -0.939071 -0.343722 -0.00116192
vn -0.939071 -0.343722 -0.00116192
vn -0.985121 -0.171861 -0.000580975
vn -0.985121 0.171861 0.000581328
vn -0.985121 -0.171861 -0.000580975
vn -0.939071 0.343722 0.00116263
vn -0.985121 0.171861 0.000581328
vn -0.985121 0.171861 0.000581328
vn -0.939071 0.343722 0.00116263
vn -0.767209 0.641394 0.00216947
vn -0.939071 0.343722 0.00116263
vn -0.641397 0.767205 0.00259448
vn -0.767209 0.641394 0.00216947
vn -0.767209 0.641394 0.00216947
vn -0.641397 0.767205 0.00259448
vn -0.258819 0.96592 0.00326586
vn -0.641397 0.767205 0.00259448
vn -0.258819 0.96592 0.00326547
vn -0.258819 0.96592 0.00326586
vn -0.258819 0.96592 0.00326547
vn 0.258818 0.965921 0.00326586
vn -0.258819 0.96592 0.00326586
vn 0.258818 0.965921 0.00326586
vn 0.258818 0.965921 0.00326547
vn -0.258819 0.96592 0.00326586
vn 0.258818 0.965921 0.00326547
vn 0.258818 0.965921 0.00326586
vn 0.641397 0.767205 0.00259448
vn 0.258818 0.965921 0.00326586
vn 0.76721 0.641393 0.00216947
vn 0.641397 0.767205 0.00259448
vn 0.641397 0.767205 0.00259448
vn 0.76721 0.641393 0.00216947
vn 0.866026 0.499996 0.00169122
vn 0.76721 0.641393 0.00216947
vn 0.866026 0.499996 0.00169126
vn 0.866026 0.499996 0.00169122
vn 1 0 0
vn 1 0 0
vn 0.985121 -0.17186 -0.000580973
vn 1 0 0
vn 0.939071 -0.343721 -0.00116191
vn 0.985121 -0.17186 -0.000580973
vn 0.985121 -0.17186 -0.000580973
vn 0.939071 -0.343721 -0.00116191
vn 0.767209 -0.641393 -0.00216814
vn 0.939071 -0.343721 -0.00116191
vn 0.641397 -0.767205 -0.00259412
vn 0.767209 -0.641393 -0.00216814
vn 0.767209 -0.641393 -0.00216814
vn 0.641397 -0.767205 -0.00259412
vn 0.343723 -0.939066 -0.0031759
vn 0.641397 -0.767205 -0.00259412
vn 0.171862 -0.985115 -0.0033324
vn 0.343723 -0.939066 -0.0031759
vn -0.171862 -0.985115 -0.00333041
vn -0.343724 -0.939065 -0.00317473
vn -0.641398 -0.767204 -0.00259371
vn -0.343724 -0.939065 -0.00317473
vn -0.767209 -0.641393 -0.0021684
vn -0.641398 -0.767204 -0.00259371
vn -0.641398 -0.767204 -0.00259371
vn -0.767209 -0.641393 -0.0021684
vn -0.939071 -0.343722 -0.00116205
vn -0.767209 -0.641393 -0.0021684
vn -0.985121 -0.171861 -0.000581036
vn -0.939071 -0.343722 -0.00116205
vn -0.939071 -0.343722 -0.00116205
vn -0.985121 -0.171861 -0.000581036
vn -0.985121 0.171861 0.000581035
vn -0.985121 -0.171861 -0.000581036
vn -0.939071 0.343722 0.0011621
vn -0.985121 0.171861 0.000581035
vn -0.985121 0.171861 0.000581035
vn -0.939071 0.343722 0.0011621
vn -0.767209 0.641394 0.00216853
vn -0.939071 0.343722 0.0011621
vn -0.641398 0.767204 0.00259384
vn -0.767209 0.641394 0.00216853
vn -0.767209 0.641394 0.00216853
vn -0.641398 0.767204 0.00259384
vn -0.258819 0.96592 0.00326558
vn -0.641398 0.767204 0.00259384
vn -0.258819 0.96592 0.00326551
vn -0.258819 0.96592 0.00326558
vn -0.258819 0.96592 0.00326551
vn 0.258819 0.96592 0.00326558
vn -0.258819 0.96592 0.00326558
vn 0.258819 0.96592 0.00326558
vn 0.258819 0.96592 0.00326551
vn -0.258819 0.96592 0.00326558
vn 0.258819 0.96592 0.00326551
vn 0.258819 0.96592 0.00326558
vn 0.641398 0.767204 0.00259384
vn 0.258819 0.96592 0.00326558
vn 0.76721 0.641393 0.00216853
vn 0.641398 0.767204 0.00259384
vn 0.641398 0.767204 0.00259384
vn 0.76721 0.641393 0.00216853
vn 0.939071 0.343721 0.00116209
vn 0.76721 0.641393 0.00216853
vn 0.985121 0.17186 0.000581033
vn 0.939071 0.343721 0.00116209
vn 0.939071 0.343721 0.00116209
vn 0.985121 0.17186 0.000581033
vn 1 0 0
vn 0.985121 0.17186 0.000581033
vn 1 0 0
vn 1 0 0
vn 0.866026 -0.499996 -0.00169041
vn 0.866026 -0.499996 -0.00169038
vn 0.76721 -0.641393 -0.0021684
vn 0.866026 -0.499996 -0.00169038
vn 0.641398 -0.767204 -0.00259371
vn 0.76721 -0.641393 -0.0021684
vn 0.76721 -0.641393 -0.0021684
vn 0.641398 -0.767204 -0.00259371
vn 0.343724 -0.939066 -0.00317473
vn 0.641398 -0.767204 -0.00259371
vn 0.171862 -0.985115 -0.00333041
vn 0.343724 -0.939066 -0.00317473
vn 0.343724 -0.939066 -0.00317473
vn 0.171862 -0.985115 -0.00333041
vn -0.171862 -0.985115 -0.00333041
vn 0.171862 -0.985115 -0.00333041
vn -0.343724 -0.939065 -0.00317473
vn -0.171862 -0.985115 -0.00333041
vn -0.171861 0.985116 0.00333106
vn -0.343723 0.939066 0.00317524
vn -0.641397 0.767204 0.00259405
vn -0.343723 0.939066 0.00317524
vn -0.76721 0.641393 0.00216863
vn -0.641397 0.767204 0.00259405
vn -0.641397 0.767204 0.00259405
vn -0.76721 0.641393 0.00216863
vn -0.939071 0.343721 0.0011622
vn -0.76721 0.641393 0.00216863
vn -0.985121 0.171861 0.000581132
vn -0.939071 0.343721 0.0011622
vn -0.939071 0.343721 0.0011622
vn -0.985121 0.171861 0.000581132
vn -0.985121 -0.171861 -0.000581132
vn -0.985121 0.171861 0.000581132
vn -0.939071 -0.343722 -0.00116226
vn -0.985121 -0.171861 -0.000581132
vn -0.985121 -0.171861 -0.000581132
vn -0.939071 -0.343722 -0.00116226
vn -0.767209 -0.641394 -0.0021688
vn -0.939071 -0.343722 -0.00116226
vn -0.641397 -0.767205 -0.00259409
vn -0.767209 -0.641394 -0.0021688
vn -0.767209 -0.641394 -0.0021688
vn -0.641397 -0.767205 -0.00259409
vn -0.343723 -0.939066 -0.00317509
vn -0.641397 -0.767205 -0.00259409
vn -0.171862 -0.985115 -0.00333067
vn -0.343723 -0.939066 -0.00317509
vn -0.343723 -0.939066 -0.00317509
vn -0.171862 -0.985115 -0.00333067
vn 0.171862 -0.985115 -0.00333067
vn -0.171862 -0.985115 -0.00333067
vn 0.343725 -0.939065 -0.00317508
vn 0.171862 -0.985115 -0.00333067
vn 0.171862 -0.985115 -0.00333067
vn 0.343725 -0.939065 -0.00317508
vn 0.641398 -0.767204 -0.00259409
vn 0.343725 -0.939065 -0.00317508
vn 0.76721 -0.641393 -0.00216879
vn 0.641398 -0.767204 -0.00259409
vn 0.641398 -0.767204 -0.00259409
vn 0.76721 -0.641393 -0.00216879
vn 0.939071 -0.343722 -0.00116226
vn 0.76721 -0.641393 -0.00216879
vn 0.985121 -0.171861 -0.000581132
vn 0.939071 -0.343722 -0.00116226
vn 0.939071 -0.343722 -0.00116226
vn 0.985121 -0.171861 -0.000581132
vn 1 0 0
vn 0.985121 -0.171861 -0.000581132
vn 1 0 0
vn 1 0 0
vn 0.866027 0.499995 0.00169069
vn 0.866026 0.499996 0.0016906
vn 0.767209 0.641393 0.00216863
vn 0.866026 0.499996 0.0016906
vn 0.641398 0.767204 0.00259405
vn 0.767209 0.641393 0.00216863
vn 0.767209 0.641393 0.00216863
vn 0.641398 0.767204 0.00259405
vn 0.343724 0.939065 0.00317524
vn 0.641398 0.767204 0.00259405
vn 0.171863 0.985115 0.00333106
vn 0.343724 0.939065 0.00317524
vn -0.171861 0.985116 0.00333106
vn 0.343724 0.939065 0.00317524
vn 0.171863 0.985115 0.00333106
vn -0.343723 0.939066 0.00317524
vn -0.171861 0.985116 0.00333106
vn 0.171863 0.985115 0.00333106
vn -0.171861 -0.985116 -0.00332962
vn 0.343723 -0.939066 -0.00317384
vn 0.171862 -0.985116 -0.00332962
vn -0.343722 -0.939066 -0.00317384
vn -0.171861 -0.985116 -0.00332962
vn 0.171862 -0.985116 -0.00332962
vn -0.641396 -0.767205 -0.00259289
vn -0.171861 -0.985116 -0.00332962
vn -0.343722 -0.939066 -0.00317384
vn -0.767209 -0.641393 -0.0021676
vn -0.641396 -0.767205 -0.00259289
vn -0.343722 -0.939066 -0.00317384
vn -0.939071 -0.343721 -0.00116162
vn -0.641396 -0.767205 -0.00259289
vn -0.767209 -0.641393 -0.0021676
vn -0.985121 -0.17186 -0.000580826
vn -0.939071 -0.343721 -0.00116162
vn -0.767209 -0.641393 -0.0021676
vn -0.985121 0.17186 0.000580829
vn -0.939071 -0.343721 -0.00116162
vn -0.985121 -0.17186 -0.000580826
vn -0.939071 0.343721 0.00116162
vn -0.985121 0.17186 0.000580829
vn -0.985121 -0.17186 -0.000580826
vn -0.76721 0.641393 0.0021676
vn -0.985121 0.17186 0.000580829
vn -0.939071 0.343721 0.00116162
vn -0.641397 0.767205 0.00259399
vn -0.76721 0.641393 0.0021676
vn -0.939071 0.343721 0.00116162
vn -0.343723 0.939066 0.00317623
vn -0.76721 0.641393 0.0021676
vn -0.641397 0.767205 0.00259399
vn -0.171861 0.985116 0.0033333
vn -0.343723 0.939066 0.00317623
vn -0.641397 0.767205 0.00259399
vn -0.343723 0.939066 0.00317623
vn -0.171861 0.985116 0.0033333
vn 0.171862 0.985115 0.00333329
vn -0.171861 0.985116 0.0033333
vn 0.343724 0.939065 0.00317623
vn 0.171862 0.985115 0.00333329
vn 0.641397 0.767205 0.00259399
vn 0.171862 0.985115 0.00333329
vn 0.343724 0.939065 0.00317623
vn 0.767208 0.641395 0.0021676
vn 0.641397 0.767205 0.00259399
vn 0.343724 0.939065 0.00317623
vn 0.866025 0.499998 0.00168977
vn 0.641397 0.767205 0.00259399
vn 0.767208 0.641394 0.0021676
vn 0.866025 0.499998 0.00168982
vn 0.866025 0.499998 0.00168977
vn 0.767208 0.641394 0.0021676
vn 0.985121 -0.171861 -0.000580829
vn 1 0 0
vn 1 0 0
vn 0.939071 -0.343723 -0.00116163
vn 0.985121 -0.171861 -0.000580829
vn 1 0 0
vn 0.767208 -0.641394 -0.0021676
vn 0.985121 -0.171861 -0.000580829
vn 0.939071 -0.343723 -0.00116163
vn 0.641397 -0.767205 -0.00259289
vn 0.767208 -0.641394 -0.0021676
vn 0.939071 -0.343723 -0.00116163
vn 0.343723 -0.939066 -0.00317384
vn 0.767208 -0.641394 -0.0021676
vn 0.641397 -0.767205 -0.00259289
vn 0.171862 -0.985116 -0.00332962
vn 0.343723 -0.939066 -0.00317384
vn 0.641397 -0.767205 -0.00259289
vn -0.615596 -0.737292 0.278286
vn -0.736346 -0.616542 0.278694
vn -0.901295 -0.330844 0.27966
vn -0.736346 -0.616542 0.278694
vn -0.945492 -0.165898 0.280218
vn -0.901295 -0.330844 0.27966
vn -0.901295 -0.330844 0.27966
vn -0.945492 -0.165898 0.280218
vn -0.945493 0.163997 0.281334
vn -0.945492 -0.165898 0.280218
vn -0.901294 0.328946 0.281892
vn -0.945493 0.163997 0.281334
vn -0.945493 0.163997 0.281334
vn -0.901294 0.328946 0.281892
vn -0.736345 0.614644 0.282858
vn -0.901294 0.328946 0.281892
vn -0.615594 0.735394 0.283266
vn -0.736345 0.614644 0.282858
vn -0.736345 0.614644 0.282858
vn -0.615594 0.735394 0.283266
vn -0.248329 0.92582 0.284939
vn -0.615594 0.735394 0.283266
vn -0.248328 0.92582 0.284939
vn -0.248329 0.92582 0.284939
vn -0.248328 0.92582 0.284939
vn 0.248329 0.92582 0.284939
vn -0.248329 0.92582 0.284939
vn 0.248329 0.92582 0.284939
vn 0.248329 0.92582 0.284939
vn -0.248329 0.92582 0.284939
vn 0.248329 0.92582 0.284939
vn 0.248329 0.92582 0.284939
vn 0.615596 0.735393 0.283266
vn 0.248329 0.92582 0.284939
vn 0.736347 0.614642 0.282858
vn 0.615596 0.735393 0.283266
vn 0.615596 0.735393 0.283266
vn 0.736347 0.614642 0.282858
vn 0.901295 0.328944 0.281891
vn 0.736347 0.614642 0.282858
vn 0.945493 0.163997 0.281334
vn 0.901295 0.328944 0.281891
vn 0.901295 0.328944 0.281891
vn 0.945493 0.163997 0.281334
vn 0.945493 -0.165897 0.280218
vn 0.945493 0.163997 0.281334
vn 0.901295 -0.330842 0.27966
vn 0.945493 -0.165897 0.280218
vn 0.945493 -0.165897 0.280218
vn 0.901295 -0.330842 0.27966
vn 0.833148 -0.481933 0.271303
vn 0.901295 -0.330842 0.27966
vn 0.833149 -0.481932 0.271303
vn 0.833148 -0.481933 0.271303
vn 0.481016 -0.834064 0.270113
vn 0.481016 -0.834064 0.270113
vn 0.329896 -0.902239 0.277728
vn 0.481016 -0.834064 0.270113
vn 0.164948 -0.946437 0.277579
vn 0.329896 -0.902239 0.277728
vn 0.329896 -0.902239 0.277728
vn 0.164948 -0.946437 0.277579
vn -0.164949 -0.946436 0.277579
vn 0.164948 -0.946437 0.277579
vn -0.329897 -0.902239 0.277728
vn -0.164949 -0.946436 0.277579
vn -0.164949 -0.946436 0.277579
vn -0.329897 -0.902239 0.277728
vn -0.615596 -0.737292 0.278286
vn -0.329897 -0.902239 0.277728
vn -0.736346 -0.616542 0.278694
vn -0.615596 -0.737292 0.278286
vn 3.72865e-007 -0.0033713 0.999994
vn 3.00953e-007 -0.00337492 0.999994
vn -2.73436e-006 -0.00337557 0.999994
vn 3.00953e-007 -0.00337492 0.999994
vn -8.79622e-006 -0.00337962 0.999994
vn -2.73436e-006 -0.00337557 0.999994
vn -2.73436e-006 -0.00337557 0.999994
vn -8.79622e-006 -0.00337962 0.999994
vn -1.40423e-005 -0.00338153 0.999994
vn -8.79622e-006 -0.00337962 0.999994
vn -4.33941e-006 -0.00338138 0.999994
vn -1.40423e-005 -0.00338153 0.999994
vn -1.40423e-005 -0.00338153 0.999994
vn -4.33941e-006 -0.00338138 0.999994
vn 6.85174e-006 -0.00338208 0.999994
vn -4.33941e-006 -0.00338138 0.999994
vn 1.17596e-005 -0.00338064 0.999994
vn 6.85174e-006 -0.00338208 0.999994
vn 6.85174e-006 -0.00338208 0.999994
vn 1.17596e-005 -0.00338064 0.999994
vn 5.29139e-006 -0.00338363 0.999994
vn 1.17596e-005 -0.00338064 0.999994
vn -3.45967e-006 -0.00337966 0.999994
vn 5.29139e-006 -0.00338363 0.999994
vn 5.29139e-006 -0.00338363 0.999994
vn -3.45967e-006 -0.00337966 0.999994
vn -2.28717e-006 -0.00337447 0.999994
vn -3.45967e-006 -0.00337966 0.999994
vn -4.87335e-006 -0.00337251 0.999994
vn -2.28717e-006 -0.00337447 0.999994
vn -4.87335e-006 -0.00337251 0.999994
vn 1.95009e-006 -0.00337505 0.999994
vn -2.28717e-006 -0.00337447 0.999994
vn 1.95009e-006 -0.00337505 0.999994
vn 2.3576e-006 -0.00337183 0.999994
vn -2.28717e-006 -0.00337447 0.999994
vn 2.3576e-006 -0.00337183 0.999994
vn 1.95009e-006 -0.00337505 0.999994
vn 1.3203e-006 -0.00337875 0.999994
vn 1.95009e-006 -0.00337505 0.999994
vn -5.13512e-006 -0.00338548 0.999994
vn 1.3203e-006 -0.00337875 0.999994
vn 1.3203e-006 -0.00337875 0.999994
vn -5.13512e-006 -0.00338548 0.999994
vn -1.14817e-005 -0.0033863 0.999994
vn -5.13512e-006 -0.00338548 0.999994
vn -3.53441e-006 -0.00338439 0.999994
vn -1.14817e-005 -0.0033863 0.999994
vn -1.14817e-005 -0.0033863 0.999994
vn -3.53441e-006 -0.00338439 0.999994
vn 7.49386e-006 -0.00337968 0.999994
vn -3.53441e-006 -0.00338439 0.999994
vn 1.4603e-005 -0.00337604 0.999994
vn 7.49386e-006 -0.00337968 0.999994
vn 7.49386e-006 -0.00337968 0.999994
vn 1.4603e-005 -0.00337604 0.999994
vn 9.01242e-006 -0.00337816 0.999994
vn 1.4603e-005 -0.00337604 0.999994
vn 1.12212e-006 -0.00337618 0.999994
vn 9.01242e-006 -0.00337816 0.999994
vn 9.01242e-006 -0.00337816 0.999994
vn 1.12212e-006 -0.00337618 0.999994
vn -6.68804e-007 -0.00337428 0.999994
vn 1.12212e-006 -0.00337618 0.999994
vn -1.74571e-006 -0.00337167 0.999994
vn -6.68804e-007 -0.00337428 0.999994
vn -6.68804e-007 -0.00337428 0.999994
vn -1.74571e-006 -0.00337167 0.999994
vn 3.72865e-007 -0.0033713 0.999994
vn -1.74571e-006 -0.00337167 0.999994
vn 3.00953e-007 -0.00337492 0.999994
vn 3.72865e-007 -0.0033713 0.999994
vn -0.171862 -0.985115 -0.00333849
vn -0.343724 -0.939065 -0.00317954
vn -0.641397 -0.767205 -0.00259545
vn -0.343724 -0.939065 -0.00317954
vn -0.767209 -0.641394 -0.00216751
vn -0.641397 -0.767205 -0.00259545
vn -0.641397 -0.767205 -0.00259545
vn -0.767209 -0.641394 -0.00216751
vn -0.939071 -0.343722 -0.00116161
vn -0.767209 -0.641394 -0.00216751
vn -0.985121 -0.171861 -0.000580851
vn -0.939071 -0.343722 -0.00116161
vn -0.939071 -0.343722 -0.00116161
vn -0.985121 -0.171861 -0.000580851
vn -0.985121 0.171861 0.000580804
vn -0.985121 -0.171861 -0.000580851
vn -0.939071 0.343722 0.00116286
vn -0.985121 0.171861 0.000580804
vn -0.985121 0.171861 0.000580804
vn -0.939071 0.343722 0.00116286
vn -0.767209 0.641394 0.00217101
vn -0.939071 0.343722 0.00116286
vn -0.641397 0.767205 0.00259642
vn -0.767209 0.641394 0.00217101
vn -0.767209 0.641394 0.00217101
vn -0.641397 0.767205 0.00259642
vn -0.343724 0.939065 0.00317626
vn -0.641397 0.767205 0.00259642
vn -0.171862 0.985115 0.00333
vn -0.343724 0.939066 0.00317626
vn 0.171862 0.985116 0.00333
vn -0.343724 0.939066 0.00317626
vn -0.171862 0.985115 0.00333
vn 0.343724 0.939066 0.00317626
vn 0.171862 0.985116 0.00333
vn -0.171862 0.985115 0.00333
vn 0.171862 0.985116 0.00333
vn 0.343724 0.939066 0.00317626
vn 0.641397 0.767205 0.00259642
vn 0.343724 0.939066 0.00317626
vn 0.767209 0.641393 0.00217101
vn 0.641397 0.767204 0.00259642
vn 0.641397 0.767204 0.00259642
vn 0.767209 0.641393 0.00217101
vn 0.939071 0.343722 0.00116286
vn 0.767209 0.641393 0.00217101
vn 0.985121 0.171861 0.000580805
vn 0.939071 0.343722 0.00116286
vn 0.939071 0.343722 0.00116286
vn 0.985121 0.171861 0.000580805
vn 1 0 0
vn 0.985121 0.171861 0.000580805
vn 1 0 0
vn 1 0 0
vn 0.866025 -0.499997 -0.00168988
vn 0.866025 -0.499997 -0.00168974
vn 0.767209 -0.641394 -0.00216751
vn 0.866025 -0.499997 -0.00168974
vn 0.641397 -0.767205 -0.00259545
vn 0.767209 -0.641394 -0.00216751
vn 0.767209 -0.641394 -0.00216751
vn 0.641397 -0.767205 -0.00259545
vn 0.343724 -0.939065 -0.00317954
vn 0.641397 -0.767205 -0.00259545
vn 0.171862 -0.985115 -0.00333849
vn 0.343724 -0.939065 -0.00317954
vn 0.343724 -0.939065 -0.00317954
vn 0.171862 -0.985115 -0.00333849
vn -0.171862 -0.985115 -0.00333849
vn 0.171862 -0.985115 -0.00333849
vn -0.343724 -0.939065 -0.00317954
vn -0.171862 -0.985115 -0.00333849
vn 3.70219e-006 -0.00338219 0.999994
vn 1.28348e-006 -0.00338154 0.999994
vn 3.70236e-006 -0.00338219 0.999994
vn 1.28346e-006 -0.00338154 0.999994
vn 1.28348e-006 -0.00338154 0.999994
vn 3.70219e-006 -0.00338219 0.999994
vn -1.13529e-006 -0.0033809 0.999994
vn 1.28348e-006 -0.00338154 0.999994
vn 1.28346e-006 -0.00338154 0.999994
vn 1.28348e-006 -0.00338154 0.999994
vn -1.13529e-006 -0.0033809 0.999994
vn -1.13537e-006 -0.0033809 0.999994
vn 1.28348e-006 -0.00338154 0.999994
vn -1.13537e-006 -0.0033809 0.999994
vn 1.28354e-006 -0.00338154 0.999994
vn 1.28354e-006 -0.00338154 0.999994
vn 3.70236e-006 -0.00338219 0.999994
vn 1.28348e-006 -0.00338154 0.999994
vn -0.459016 0.170961 -0.871824
vn -0.481524 0.0869554 -0.872108
vn -0.375012 0.316462 -0.871331
vn -0.459016 0.170961 -0.871824
vn -0.481524 -0.0810551 -0.872677
vn -0.481524 0.0869554 -0.872108
vn -0.481524 -0.0810551 -0.872677
vn -0.459015 -0.165061 -0.872961
vn -0.481524 0.0869554 -0.872108
vn -0.481524 -0.0810551 -0.872677
vn -0.37501 -0.310563 -0.873452
vn -0.459015 -0.165061 -0.872961
vn -0.37501 -0.310563 -0.873452
vn -0.313513 -0.372058 -0.87366
vn -0.459015 -0.165061 -0.872961
vn -0.37501 -0.310563 -0.873452
vn -0.168011 -0.456061 -0.873945
vn -0.313513 -0.372058 -0.87366
vn -0.168011 -0.456061 -0.873945
vn -0.0840051 -0.478567 -0.874023
vn -0.313513 -0.372058 -0.87366
vn -0.168011 -0.456061 -0.873945
vn 0.0840044 -0.478567 -0.874023
vn -0.0840051 -0.478567 -0.874023
vn 0.0840044 -0.478567 -0.874023
vn 0.168011 -0.456061 -0.873946
vn -0.0840051 -0.478567 -0.874023
vn 0.0840044 -0.478567 -0.874023
vn 0.313513 -0.372058 -0.873661
vn 0.168011 -0.456061 -0.873946
vn 0.313513 -0.372058 -0.873661
vn 0.375011 -0.310563 -0.873452
vn 0.168011 -0.456061 -0.873946
vn 0.313513 -0.372058 -0.873661
vn 0.459015 -0.165061 -0.87296
vn 0.375011 -0.310563 -0.873452
vn 0.459015 -0.165061 -0.87296
vn 0.481524 -0.0810554 -0.872677
vn 0.375011 -0.310563 -0.873452
vn 0.459015 -0.165061 -0.87296
vn 0.481524 0.0869553 -0.872108
vn 0.481524 -0.0810554 -0.872677
vn 0.481524 0.0869553 -0.872108
vn 0.459016 0.170961 -0.871824
vn 0.481524 -0.0810554 -0.872677
vn 0.481524 0.0869553 -0.872108
vn 0.375012 0.316462 -0.871331
vn 0.459016 0.170961 -0.871824
vn 0.375012 0.316462 -0.871331
vn 0.313517 0.377959 -0.871123
vn 0.459016 0.170961 -0.871824
vn 0.375012 0.316462 -0.871331
vn 0.168014 0.461965 -0.870838
vn 0.313517 0.377959 -0.871123
vn 0.168014 0.461965 -0.870838
vn 0.0840072 0.484475 -0.870762
vn 0.313517 0.377959 -0.871123
vn 0.168014 0.461965 -0.870838
vn -0.0840074 0.484475 -0.870762
vn 0.0840072 0.484475 -0.870762
vn -0.0840074 0.484475 -0.870762
vn -0.168014 0.461965 -0.870838
vn 0.0840072 0.484475 -0.870762
vn -0.0840074 0.484475 -0.870762
vn -0.313517 0.377959 -0.871123
vn -0.168014 0.461965 -0.870838
vn -0.313517 0.377959 -0.871123
vn -0.375012 0.316462 -0.871331
vn -0.168014 0.461965 -0.870838
vn -0.313517 0.377959 -0.871123
vn -0.459016 0.170961 -0.871824
vn -0.375012 0.316462 -0.871331
vn -0.245968 0.916909 0.31429
vn -0.245969 0.916908 0.31429
vn -0.245969 0.916908 0.31429
vn -0.245969 0.916908 0.31429
vn -0.24597 0.916908 0.314291
vn -0.245969 0.916908 0.31429
vn -0.917966 0.244913 0.312018
vn -0.917966 0.244914 0.312017
vn -0.917966 0.244914 0.312017
vn -0.917966 0.244914 0.312017
vn -0.917966 0.244916 0.312017
vn -0.917966 0.244914 0.312017
vn -0.672001 -0.673044 0.308912
vn -0.672 -0.673045 0.308913
vn -0.672 -0.673045 0.308913
vn -0.672 -0.673045 0.308913
vn -0.671999 -0.673045 0.308913
vn -0.672 -0.673045 0.308913
vn 0.671995 0.670944 0.313461
vn 0.671996 0.670943 0.31346
vn 0.671996 0.670943 0.31346
vn 0.671996 0.670943 0.31346
vn 0.671996 0.670943 0.313459
vn 0.671996 0.670943 0.31346
vn 0.141773 0.0485499 0.988708
vn 0.148724 0.0226058 0.98862
vn 0.115826 0.0934887 0.98886
vn 0.141773 0.0485499 0.988708
vn 0.148721 -0.0292849 0.988446
vn 0.148724 0.0226058 0.98862
vn 0.148721 -0.0292849 0.988446
vn 0.141767 -0.0552317 0.988358
vn 0.148724 0.0226058 0.98862
vn 0.148721 -0.0292849 0.988446
vn 0.115823 -0.100172 0.988206
vn 0.141767 -0.0552317 0.988358
vn 0.115823 -0.100172 0.988206
vn 0.096832 -0.119167 0.988141
vn 0.141767 -0.0552317 0.988358
vn 0.115823 -0.100172 0.988206
vn 0.0518926 -0.145112 0.988053
vn 0.096832 -0.119167 0.988141
vn 0.0518926 -0.145112 0.988053
vn 0.0259463 -0.152064 0.98803
vn 0.096832 -0.119167 0.988141
vn 0.0518926 -0.145112 0.988053
vn -0.0259462 -0.152064 0.98803
vn 0.0259463 -0.152064 0.98803
vn -0.0259462 -0.152064 0.98803
vn -0.0518925 -0.145112 0.988053
vn 0.0259463 -0.152064 0.98803
vn -0.0259462 -0.152064 0.98803
vn -0.0968323 -0.119167 0.988141
vn -0.0518925 -0.145112 0.988053
vn -0.0968323 -0.119167 0.988141
vn -0.115824 -0.100173 0.988206
vn -0.0518925 -0.145112 0.988053
vn -0.0968323 -0.119167 0.988141
vn -0.141768 -0.0552329 0.988358
vn -0.115824 -0.100173 0.988206
vn -0.141768 -0.0552329 0.988358
vn -0.148722 -0.0292856 0.988445
vn -0.115824 -0.100173 0.988206
vn -0.141768 -0.0552329 0.988358
vn -0.148725 0.0226065 0.98862
vn -0.148722 -0.0292856 0.988445
vn -0.148725 0.0226065 0.98862
vn -0.141775 0.0485511 0.988708
vn -0.148722 -0.0292856 0.988445
vn -0.148725 0.0226065 0.98862
vn -0.115827 0.0934888 0.98886
vn -0.141775 0.0485511 0.988708
vn -0.115827 0.0934888 0.98886
vn -0.0968311 0.112483 0.988924
vn -0.141775 0.0485511 0.988708
vn -0.115827 0.0934888 0.98886
vn -0.0518914 0.13843 0.989012
vn -0.0968311 0.112483 0.988924
vn -0.0518914 0.13843 0.989012
vn -0.0259459 0.145384 0.989035
vn -0.0968311 0.112483 0.988924
vn -0.0259459 0.145384 0.989035
vn -0.0518914 0.13843 0.989012
vn 0.0259463 0.145383 0.989035
vn 0.0518916 0.13843 0.989012
vn -0.0259459 0.145384 0.989035
vn 0.0259463 0.145383 0.989035
vn 0.0259463 0.145383 0.989035
vn 0.0968309 0.112483 0.988924
vn 0.0518916 0.13843 0.989012
vn 0.0968309 0.112483 0.988924
vn 0.115826 0.0934887 0.98886
vn 0.0518916 0.13843 0.989012
vn 0.0968309 0.112483 0.988924
vn 0.141773 0.0485499 0.988708
vn 0.115826 0.0934887 0.98886
vn 0.917967 -0.247017 0.310355
vn 0.917966 -0.247018 0.310354
vn 0.917966 -0.247018 0.310354
vn 0.917966 -0.247018 0.310354
vn 0.917966 -0.247018 0.310354
vn 0.917966 -0.247018 0.310354
vn 0.245965 -0.919014 0.308081
vn 0.245966 -0.919014 0.308082
vn 0.245966 -0.919014 0.308082
vn 0.245966 -0.919014 0.308082
vn 0.245967 -0.919013 0.308082
vn 0.245966 -0.919014 0.308082
vn -0.701873 -0.702275 0.1191
vn -0.792156 -0.607429 0.0593197
vn -0.792156 -0.607429 0.0593197
vn -0.792156 -0.607429 0.0593197
vn -0.866025 -0.499998 -0.00169006
vn -0.792156 -0.607429 0.0593197
vn -0.500005 -0.866018 -0.0029272
vn -0.500005 -0.866018 -0.0029272
vn -0.500005 -0.866018 -0.0029272
vt 0.440391 -0.20178
vt 0.440391 -0.204613
vt 0.441718 -0.204613
vt 0.442996 -0.20178
vt 0.440391 -0.20178
vt 0.441718 -0.204613
vt 0.442996 -0.20178
vt 0.441718 -0.204613
vt 0.443051 -0.204613
vt 0.453322 -0.204613
vt 0.454617 -0.204613
vt 0.453293 -0.20178
vt 0.454617 -0.204613
vt 0.455928 -0.20178
vt 0.453293 -0.20178
vt 0.455928 -0.20178
vt 0.454617 -0.204613
vt 0.455949 -0.204613
vt 0.450753 -0.204613
vt 0.452025 -0.204613
vt 0.450757 -0.20178
vt 0.452025 -0.204613
vt 0.453293 -0.20178
vt 0.450757 -0.20178
vt 0.453293 -0.20178
vt 0.452025 -0.204613
vt 0.453322 -0.204613
vt 0.448165 -0.20178
vt 0.448174 -0.204613
vt 0.449423 -0.204613
vt 0.450757 -0.20178
vt 0.448165 -0.20178
vt 0.449423 -0.204613
vt 0.450757 -0.20178
vt 0.449423 -0.204613
vt 0.450753 -0.204613
vt 0.441861 -0.205616
vt 0.439244 -0.20896
vt 0.444146 -0.207862
vt 0.439244 -0.20896
vt 0.441959 -0.210661
vt 0.444146 -0.207862
vt 0.439244 -0.20896
vt 0.437416 -0.212813
vt 0.441959 -0.210661
vt 0.437416 -0.212813
vt 0.440438 -0.213878
vt 0.441959 -0.210661
vt 0.437416 -0.212813
vt 0.436463 -0.216983
vt 0.440438 -0.213878
vt 0.436463 -0.216983
vt 0.439644 -0.217367
vt 0.440438 -0.213878
vt 0.436463 -0.216983
vt 0.436431 -0.22122
vt 0.439644 -0.217367
vt 0.436431 -0.22122
vt 0.439624 -0.22096
vt 0.439644 -0.217367
vt 0.436431 -0.22122
vt 0.437255 -0.22539
vt 0.439624 -0.22096
vt 0.437255 -0.22539
vt 0.440321 -0.224461
vt 0.439624 -0.22096
vt 0.437255 -0.22539
vt 0.438971 -0.229256
vt 0.440321 -0.224461
vt 0.438971 -0.229256
vt 0.441766 -0.227689
vt 0.440321 -0.224461
vt 0.438971 -0.229256
vt 0.441408 -0.232677
vt 0.441766 -0.227689
vt 0.441408 -0.232677
vt 0.443822 -0.230571
vt 0.441766 -0.227689
vt 0.441408 -0.232677
vt 0.444547 -0.235558
vt 0.443822 -0.230571
vt 0.444547 -0.235558
vt 0.446411 -0.232952
vt 0.443822 -0.230571
vt 0.444547 -0.235558
vt 0.448278 -0.237599
vt 0.446411 -0.232952
vt 0.448278 -0.237599
vt 0.449475 -0.234627
vt 0.446411 -0.232952
vt 0.448278 -0.237599
vt 0.452308 -0.238704
vt 0.449475 -0.234627
vt 0.452308 -0.238704
vt 0.452874 -0.235551
vt 0.449475 -0.234627
vt 0.452308 -0.238704
vt 0.456459 -0.239051
vt 0.452874 -0.235551
vt 0.456459 -0.239051
vt 0.456413 -0.235847
vt 0.452874 -0.235551
vt 0.456459 -0.239051
vt 0.460648 -0.238582
vt 0.456413 -0.235847
vt 0.460648 -0.238582
vt 0.459939 -0.235457
vt 0.456413 -0.235847
vt 0.466789 -0.276146
vt 0.470322 -0.272973
vt 0.465253 -0.273931
vt 0.470322 -0.272973
vt 0.468286 -0.271206
vt 0.465253 -0.273931
vt 0.470322 -0.272973
vt 0.47296 -0.269021
vt 0.468286 -0.271206
vt 0.47296 -0.269021
vt 0.470554 -0.267806
vt 0.468286 -0.271206
vt 0.47296 -0.269021
vt 0.474536 -0.264512
vt 0.470554 -0.267806
vt 0.474536 -0.264512
vt 0.471896 -0.263967
vt 0.470554 -0.267806
vt 0.474536 -0.264512
vt 0.47482 -0.259761
vt 0.471896 -0.263967
vt 0.47482 -0.259761
vt 0.47213 -0.259929
vt 0.471896 -0.263967
vt 0.47482 -0.259761
vt 0.473941 -0.255121
vt 0.47213 -0.259929
vt 0.473941 -0.255121
vt 0.471363 -0.255906
vt 0.47213 -0.259929
vt 0.473941 -0.255121
vt 0.472093 -0.250754
vt 0.471363 -0.255906
vt 0.472093 -0.250754
vt 0.46977 -0.252121
vt 0.471363 -0.255906
vt 0.472093 -0.250754
vt 0.469194 -0.246974
vt 0.46977 -0.252121
vt 0.469194 -0.246974
vt 0.46731 -0.248901
vt 0.46977 -0.252121
vt 0.469194 -0.246974
vt 0.465404 -0.244127
vt 0.46731 -0.248901
vt 0.465404 -0.244127
vt 0.464107 -0.24649
vt 0.46731 -0.248901
vt 0.465404 -0.244127
vt 0.461049 -0.242301
vt 0.464107 -0.24649
vt 0.461049 -0.242301
vt 0.460359 -0.244907
vt 0.464107 -0.24649
vt 0.461049 -0.242301
vt 0.456373 -0.24159
vt 0.460359 -0.244907
vt 0.456373 -0.24159
vt 0.456281 -0.244283
vt 0.460359 -0.244907
vt 0.456373 -0.24159
vt 0.451574 -0.241857
vt 0.456281 -0.244283
vt 0.451574 -0.241857
vt 0.452175 -0.244483
vt 0.456281 -0.244283
vt 0.451574 -0.241857
vt 0.447093 -0.243607
vt 0.452175 -0.244483
vt 0.447093 -0.243607
vt 0.448408 -0.24596
vt 0.452175 -0.244483
vt 0.44319 -0.21926
vt 0.44319 -0.214332
vt 0.441811 -0.213962
vt 0.441811 -0.213962
vt 0.44319 -0.214332
vt 0.444645 -0.209054
vt 0.44319 -0.214332
vt 0.445654 -0.210063
vt 0.444645 -0.209054
vt 0.449553 -0.20622
vt 0.444645 -0.209054
vt 0.445654 -0.210063
vt 0.449923 -0.207599
vt 0.449553 -0.20622
vt 0.445654 -0.210063
vt 0.449553 -0.20622
vt 0.449923 -0.207599
vt 0.455221 -0.20622
vt 0.449923 -0.207599
vt 0.454851 -0.207599
vt 0.455221 -0.20622
vt 0.455221 -0.20622
vt 0.454851 -0.207599
vt 0.46013 -0.209054
vt 0.454851 -0.207599
vt 0.45912 -0.210063
vt 0.46013 -0.209054
vt 0.46013 -0.209054
vt 0.45912 -0.210063
vt 0.462964 -0.213962
vt 0.45912 -0.210063
vt 0.461584 -0.214332
vt 0.462964 -0.213962
vt 0.462964 -0.213962
vt 0.461584 -0.214332
vt 0.462964 -0.21963
vt 0.461584 -0.214332
vt 0.461584 -0.21926
vt 0.462964 -0.21963
vt 0.462964 -0.21963
vt 0.461584 -0.21926
vt 0.46013 -0.224539
vt 0.461584 -0.21926
vt 0.45912 -0.223529
vt 0.46013 -0.224539
vt 0.46013 -0.224539
vt 0.45912 -0.223529
vt 0.455221 -0.227373
vt 0.45912 -0.223529
vt 0.454851 -0.225993
vt 0.455221 -0.227373
vt 0.455221 -0.227373
vt 0.454851 -0.225993
vt 0.449553 -0.227373
vt 0.454851 -0.225993
vt 0.449923 -0.225993
vt 0.449553 -0.227373
vt 0.449553 -0.227373
vt 0.449923 -0.225993
vt 0.444645 -0.224539
vt 0.449923 -0.225993
vt 0.445654 -0.223529
vt 0.444645 -0.224539
vt 0.444645 -0.224539
vt 0.445654 -0.223529
vt 0.441811 -0.21963
vt 0.445654 -0.223529
vt 0.44319 -0.21926
vt 0.441811 -0.21963
vt 0.441811 -0.21963
vt 0.44319 -0.21926
vt 0.441811 -0.213962
vt 0.463378 -0.240981
vt 0.466466 -0.240996
vt 0.462327 -0.230882
vt 0.466466 -0.240996
vt 0.467527 -0.23092
vt 0.462327 -0.230882
vt 0.466466 -0.240996
vt 0.469484 -0.241666
vt 0.467527 -0.23092
vt 0.469484 -0.241666
vt 0.472557 -0.23202
vt 0.467527 -0.23092
vt 0.469484 -0.241666
vt 0.472386 -0.242853
vt 0.472557 -0.23202
vt 0.472386 -0.242853
vt 0.477312 -0.234081
vt 0.472557 -0.23202
vt 0.472386 -0.242853
vt 0.474888 -0.244552
vt 0.477312 -0.234081
vt 0.474888 -0.244552
vt 0.481491 -0.237081
vt 0.477312 -0.234081
vt 0.474888 -0.244552
vt 0.476972 -0.246742
vt 0.481491 -0.237081
vt 0.476972 -0.246742
vt 0.48493 -0.240896
vt 0.481491 -0.237081
vt 0.476972 -0.246742
vt 0.478559 -0.249281
vt 0.48493 -0.240896
vt 0.478559 -0.249281
vt 0.48746 -0.245297
vt 0.48493 -0.240896
vt 0.478559 -0.249281
vt 0.479543 -0.252112
vt 0.48746 -0.245297
vt 0.479543 -0.252112
vt 0.488966 -0.250032
vt 0.48746 -0.245297
vt 0.479543 -0.252112
vt 0.479947 -0.25506
vt 0.488966 -0.250032
vt 0.479947 -0.25506
vt 0.4896 -0.254874
vt 0.488966 -0.250032
vt 0.479947 -0.25506
vt 0.479737 -0.258076
vt 0.4896 -0.254874
vt 0.479737 -0.258076
vt 0.489264 -0.259876
vt 0.4896 -0.254874
vt 0.479737 -0.258076
vt 0.478935 -0.260916
vt 0.489264 -0.259876
vt 0.478935 -0.260916
vt 0.487885 -0.264688
vt 0.489264 -0.259876
vt 0.478935 -0.260916
vt 0.477521 -0.263535
vt 0.487885 -0.264688
vt 0.477521 -0.263535
vt 0.485528 -0.269126
vt 0.487885 -0.264688
vt 0.477521 -0.263535
vt 0.475573 -0.265827
vt 0.485528 -0.269126
vt 0.475573 -0.265827
vt 0.482266 -0.272952
vt 0.485528 -0.269126
vt 0.494332 -0.233584
vt 0.496577 -0.233585
vt 0.494333 -0.228775
vt 0.496577 -0.233585
vt 0.496578 -0.228776
vt 0.494333 -0.228775
vt 0.496577 -0.233585
vt 0.498823 -0.233585
vt 0.496578 -0.228776
vt 0.498823 -0.233585
vt 0.498823 -0.228777
vt 0.496578 -0.228776
vt 0.498823 -0.233585
vt 0.501068 -0.233585
vt 0.498823 -0.228777
vt 0.501068 -0.233585
vt 0.501068 -0.228777
vt 0.498823 -0.228777
vt 0.501068 -0.233585
vt 0.503313 -0.233585
vt 0.501068 -0.228777
vt 0.503313 -0.233585
vt 0.503312 -0.228777
vt 0.501068 -0.228777
vt 0.503313 -0.233585
vt 0.505558 -0.233585
vt 0.503312 -0.228777
vt 0.505558 -0.233585
vt 0.505557 -0.228777
vt 0.503312 -0.228777
vt 0.505558 -0.233585
vt 0.507803 -0.233585
vt 0.505557 -0.228777
vt 0.507803 -0.233585
vt 0.507802 -0.228776
vt 0.505557 -0.228777
vt 0.507803 -0.233585
vt 0.510049 -0.233584
vt 0.507802 -0.228776
vt 0.510049 -0.233584
vt 0.510048 -0.228775
vt 0.507802 -0.228776
vt 0.510049 -0.233584
vt 0.512294 -0.233583
vt 0.510048 -0.228775
vt 0.512294 -0.233583
vt 0.512294 -0.228775
vt 0.510048 -0.228775
vt 0.512294 -0.233583
vt 0.51454 -0.233583
vt 0.512294 -0.228775
vt 0.51454 -0.233583
vt 0.51454 -0.228774
vt 0.512294 -0.228775
vt 0.51454 -0.233583
vt 0.516786 -0.233583
vt 0.51454 -0.228774
vt 0.516786 -0.233583
vt 0.516786 -0.228774
vt 0.51454 -0.228774
vt 0.516786 -0.233583
vt 0.519032 -0.233583
vt 0.516786 -0.228774
vt 0.519032 -0.233583
vt 0.519033 -0.228775
vt 0.516786 -0.228774
vt 0.519032 -0.233583
vt 0.521278 -0.233584
vt 0.519033 -0.228775
vt 0.521278 -0.233584
vt 0.521279 -0.228775
vt 0.519033 -0.228775
vt 0.446767 -0.218418
vt 0.448121 -0.220762
vt 0.446767 -0.215712
vt 0.448121 -0.220762
vt 0.448121 -0.213369
vt 0.446767 -0.215712
vt 0.448121 -0.220762
vt 0.450464 -0.222115
vt 0.448121 -0.213369
vt 0.450464 -0.222115
vt 0.450464 -0.212016
vt 0.448121 -0.213369
vt 0.450464 -0.222115
vt 0.45317 -0.222115
vt 0.450464 -0.212016
vt 0.45317 -0.222115
vt 0.45317 -0.212016
vt 0.450464 -0.212016
vt 0.45317 -0.212016
vt 0.45317 -0.222115
vt 0.455513 -0.220762
vt 0.455513 -0.213369
vt 0.45317 -0.212016
vt 0.455513 -0.220762
vt 0.455513 -0.213369
vt 0.455513 -0.220762
vt 0.456866 -0.218418
vt 0.456866 -0.215712
vt 0.455513 -0.213369
vt 0.456866 -0.218418
vt 0.506607 -0.224811
vt 0.508277 -0.221919
vt 0.505658 -0.223862
vt 0.506607 -0.224811
vt 0.505658 -0.223862
vt 0.503367 -0.225184
vt 0.503715 -0.226481
vt 0.506607 -0.224811
vt 0.503367 -0.225184
vt 0.503715 -0.226481
vt 0.503367 -0.225184
vt 0.500722 -0.225184
vt 0.500375 -0.226481
vt 0.503715 -0.226481
vt 0.500722 -0.225184
vt 0.500375 -0.226481
vt 0.500722 -0.225184
vt 0.498431 -0.223862
vt 0.497483 -0.224811
vt 0.500375 -0.226481
vt 0.498431 -0.223862
vt 0.497483 -0.224811
vt 0.498431 -0.223862
vt 0.497109 -0.221571
vt 0.495813 -0.221919
vt 0.497483 -0.224811
vt 0.497109 -0.221571
vt 0.495813 -0.221919
vt 0.497109 -0.221571
vt 0.497109 -0.218926
vt 0.495813 -0.218579
vt 0.495813 -0.221919
vt 0.497109 -0.218926
vt 0.495813 -0.218579
vt 0.497109 -0.218926
vt 0.498431 -0.216635
vt 0.497483 -0.215687
vt 0.495813 -0.218579
vt 0.498431 -0.216635
vt 0.497483 -0.215687
vt 0.498431 -0.216635
vt 0.500722 -0.215313
vt 0.500375 -0.214017
vt 0.497483 -0.215687
vt 0.500722 -0.215313
vt 0.500375 -0.214017
vt 0.500722 -0.215313
vt 0.503367 -0.215313
vt 0.503715 -0.214017
vt 0.500375 -0.214017
vt 0.503367 -0.215313
vt 0.503715 -0.214017
vt 0.503367 -0.215313
vt 0.505658 -0.216635
vt 0.506607 -0.215687
vt 0.503715 -0.214017
vt 0.505658 -0.216635
vt 0.506607 -0.215687
vt 0.505658 -0.216635
vt 0.506981 -0.218926
vt 0.508277 -0.218579
vt 0.506607 -0.215687
vt 0.506981 -0.218926
vt 0.508277 -0.218579
vt 0.506981 -0.218926
vt 0.506981 -0.221571
vt 0.508277 -0.221919
vt 0.508277 -0.218579
vt 0.506981 -0.221571
vt 0.508277 -0.221919
vt 0.506981 -0.221571
vt 0.505658 -0.223862
vt 0.448165 -0.20178
vt 0.446887 -0.204613
vt 0.448174 -0.204613
vt 0.448165 -0.20178
vt 0.445604 -0.20178
vt 0.446887 -0.204613
vt 0.445604 -0.20178
vt 0.445613 -0.204613
vt 0.446887 -0.204613
vt 0.441811 -0.21963
vt 0.44319 -0.21926
vt 0.441811 -0.213962
vt 0.445654 -0.223529
vt 0.44319 -0.21926
vt 0.441811 -0.21963
vt 0.444645 -0.224539
vt 0.445654 -0.223529
vt 0.441811 -0.21963
vt 0.449923 -0.225993
vt 0.445654 -0.223529
vt 0.444645 -0.224539
vt 0.449553 -0.227373
vt 0.449923 -0.225993
vt 0.444645 -0.224539
vt 0.454851 -0.225993
vt 0.449923 -0.225993
vt 0.449553 -0.227373
vt 0.455221 -0.227373
vt 0.454851 -0.225993
vt 0.449553 -0.227373
vt 0.45912 -0.223529
vt 0.454851 -0.225993
vt 0.455221 -0.227373
vt 0.46013 -0.224539
vt 0.45912 -0.223529
vt 0.455221 -0.227373
vt 0.461584 -0.21926
vt 0.45912 -0.223529
vt 0.46013 -0.224539
vt 0.462964 -0.21963
vt 0.461584 -0.21926
vt 0.46013 -0.224539
vt 0.461584 -0.214332
vt 0.461584 -0.21926
vt 0.462964 -0.21963
vt 0.462964 -0.213962
vt 0.461584 -0.214332
vt 0.462964 -0.21963
vt 0.45912 -0.210063
vt 0.461584 -0.214332
vt 0.462964 -0.213962
vt 0.46013 -0.209054
vt 0.45912 -0.210063
vt 0.462964 -0.213962
vt 0.454851 -0.207599
vt 0.45912 -0.210063
vt 0.46013 -0.209054
vt 0.455221 -0.20622
vt 0.454851 -0.207599
vt 0.46013 -0.209054
vt 0.454851 -0.207599
vt 0.455221 -0.20622
vt 0.449923 -0.207599
vt 0.455221 -0.20622
vt 0.449553 -0.20622
vt 0.449923 -0.207599
vt 0.445654 -0.210063
vt 0.449923 -0.207599
vt 0.449553 -0.20622
vt 0.444645 -0.209054
vt 0.445654 -0.210063
vt 0.449553 -0.20622
vt 0.44319 -0.214332
vt 0.445654 -0.210063
vt 0.444645 -0.209054
vt 0.441811 -0.213962
vt 0.44319 -0.214332
vt 0.444645 -0.209054
vt 0.44319 -0.21926
vt 0.44319 -0.214332
vt 0.441811 -0.213962
vt 0.521277 -0.234081
vt 0.519032 -0.23408
vt 0.521276 -0.240404
vt 0.519032 -0.23408
vt 0.519031 -0.240403
vt 0.521276 -0.240404
vt 0.519032 -0.23408
vt 0.516786 -0.23408
vt 0.519031 -0.240403
vt 0.516786 -0.23408
vt 0.516786 -0.240402
vt 0.519031 -0.240403
vt 0.516786 -0.23408
vt 0.51454 -0.23408
vt 0.516786 -0.240402
vt 0.51454 -0.23408
vt 0.514541 -0.240402
vt 0.516786 -0.240402
vt 0.51454 -0.23408
vt 0.512295 -0.23408
vt 0.514541 -0.240402
vt 0.512295 -0.23408
vt 0.512295 -0.240403
vt 0.514541 -0.240402
vt 0.512295 -0.23408
vt 0.510049 -0.234081
vt 0.512295 -0.240403
vt 0.510049 -0.234081
vt 0.51005 -0.240404
vt 0.512295 -0.240403
vt 0.51005 -0.240404
vt 0.510049 -0.234081
vt 0.507805 -0.240404
vt 0.510049 -0.234081
vt 0.507803 -0.234082
vt 0.507805 -0.240404
vt 0.507805 -0.240404
vt 0.507803 -0.234082
vt 0.505559 -0.240405
vt 0.507803 -0.234082
vt 0.505558 -0.234082
vt 0.505559 -0.240405
vt 0.505559 -0.240405
vt 0.505558 -0.234082
vt 0.503313 -0.240406
vt 0.505558 -0.234082
vt 0.503313 -0.234083
vt 0.503313 -0.240406
vt 0.501067 -0.240406
vt 0.503313 -0.240406
vt 0.503313 -0.234083
vt 0.501068 -0.234083
vt 0.501067 -0.240406
vt 0.503313 -0.234083
vt 0.501068 -0.234083
vt 0.498822 -0.234082
vt 0.501067 -0.240406
vt 0.498822 -0.234082
vt 0.498822 -0.240405
vt 0.501067 -0.240406
vt 0.498822 -0.234082
vt 0.496577 -0.234082
vt 0.498822 -0.240405
vt 0.496577 -0.234082
vt 0.496576 -0.240404
vt 0.498822 -0.240405
vt 0.496577 -0.234082
vt 0.494332 -0.234081
vt 0.496576 -0.240404
vt 0.494332 -0.234081
vt 0.49433 -0.240404
vt 0.496576 -0.240404
vt 0.506607 -0.224813
vt 0.505658 -0.223864
vt 0.506981 -0.221573
vt 0.506607 -0.224813
vt 0.503715 -0.226483
vt 0.505658 -0.223864
vt 0.503715 -0.226483
vt 0.503367 -0.225187
vt 0.505658 -0.223864
vt 0.503715 -0.226483
vt 0.500375 -0.226483
vt 0.503367 -0.225187
vt 0.500375 -0.226483
vt 0.500722 -0.225187
vt 0.503367 -0.225187
vt 0.500375 -0.226483
vt 0.497483 -0.224813
vt 0.500722 -0.225187
vt 0.497483 -0.224813
vt 0.498431 -0.223864
vt 0.500722 -0.225187
vt 0.497483 -0.224813
vt 0.495813 -0.22192
vt 0.498431 -0.223864
vt 0.495813 -0.22192
vt 0.497109 -0.221573
vt 0.498431 -0.223864
vt 0.495813 -0.22192
vt 0.495813 -0.218581
vt 0.497109 -0.221573
vt 0.495813 -0.218581
vt 0.497109 -0.218928
vt 0.497109 -0.221573
vt 0.495813 -0.218581
vt 0.497483 -0.215688
vt 0.497109 -0.218928
vt 0.497483 -0.215688
vt 0.498431 -0.216637
vt 0.497109 -0.218928
vt 0.497483 -0.215688
vt 0.500375 -0.214018
vt 0.498431 -0.216637
vt 0.500375 -0.214018
vt 0.500722 -0.215315
vt 0.498431 -0.216637
vt 0.500375 -0.214018
vt 0.503715 -0.214018
vt 0.500722 -0.215315
vt 0.503715 -0.214018
vt 0.503367 -0.215315
vt 0.500722 -0.215315
vt 0.503715 -0.214018
vt 0.506607 -0.215688
vt 0.503367 -0.215315
vt 0.506607 -0.215688
vt 0.505658 -0.216637
vt 0.503367 -0.215315
vt 0.506607 -0.215688
vt 0.508277 -0.218581
vt 0.505658 -0.216637
vt 0.508277 -0.218581
vt 0.506981 -0.218928
vt 0.505658 -0.216637
vt 0.508277 -0.218581
vt 0.508277 -0.22192
vt 0.506981 -0.218928
vt 0.508277 -0.22192
vt 0.506981 -0.221573
vt 0.506981 -0.218928
vt 0.508277 -0.22192
vt 0.506607 -0.224813
vt 0.506981 -0.221573
vt 0.491224 -0.185195
vt 0.491224 -0.180791
vt 0.485937 -0.185195
vt 0.491224 -0.180791
vt 0.485937 -0.180791
vt 0.485937 -0.185195
vt 0.485937 -0.185195
vt 0.485937 -0.180791
vt 0.48065 -0.185196
vt 0.485937 -0.180791
vt 0.480649 -0.180791
vt 0.48065 -0.185196
vt 0.48065 -0.185196
vt 0.480649 -0.180791
vt 0.475364 -0.185198
vt 0.480649 -0.180791
vt 0.475362 -0.180793
vt 0.475364 -0.185198
vt 0.475364 -0.185198
vt 0.475362 -0.180793
vt 0.470077 -0.1852
vt 0.475362 -0.180793
vt 0.470075 -0.180795
vt 0.470077 -0.1852
vt 0.470077 -0.1852
vt 0.470075 -0.180795
vt 0.46479 -0.185201
vt 0.470075 -0.180795
vt 0.464789 -0.180797
vt 0.46479 -0.185201
vt 0.46479 -0.185201
vt 0.464789 -0.180797
vt 0.459502 -0.185202
vt 0.464789 -0.180797
vt 0.459502 -0.180798
vt 0.459502 -0.185202
vt 0.459502 -0.180798
vt 0.454216 -0.180798
vt 0.459502 -0.185202
vt 0.454216 -0.180798
vt 0.454215 -0.185202
vt 0.459502 -0.185202
vt 0.454215 -0.185202
vt 0.454216 -0.180798
vt 0.448928 -0.185201
vt 0.454216 -0.180798
vt 0.448929 -0.180797
vt 0.448928 -0.185201
vt 0.448928 -0.185201
vt 0.448929 -0.180797
vt 0.443641 -0.1852
vt 0.448929 -0.180797
vt 0.443642 -0.180795
vt 0.443641 -0.1852
vt 0.507084 -0.1852
vt 0.507085 -0.180795
vt 0.501797 -0.185198
vt 0.507085 -0.180795
vt 0.501798 -0.180793
vt 0.501797 -0.185198
vt 0.501797 -0.185198
vt 0.501798 -0.180793
vt 0.49651 -0.185196
vt 0.501798 -0.180793
vt 0.496511 -0.180791
vt 0.49651 -0.185196
vt 0.49651 -0.185196
vt 0.496511 -0.180791
vt 0.491224 -0.185195
vt 0.496511 -0.180791
vt 0.491224 -0.180791
vt 0.491224 -0.185195
vt 0.488652 -0.194636
vt 0.488652 -0.188546
vt 0.484353 -0.194637
vt 0.488652 -0.188546
vt 0.484352 -0.188547
vt 0.484353 -0.194637
vt 0.484353 -0.194637
vt 0.484352 -0.188547
vt 0.480054 -0.194638
vt 0.484352 -0.188547
vt 0.480053 -0.188548
vt 0.480054 -0.194638
vt 0.480054 -0.194638
vt 0.480053 -0.188548
vt 0.475755 -0.19464
vt 0.480053 -0.188548
vt 0.475754 -0.18855
vt 0.475755 -0.19464
vt 0.475755 -0.19464
vt 0.475754 -0.18855
vt 0.471456 -0.194641
vt 0.475754 -0.18855
vt 0.471455 -0.188551
vt 0.471456 -0.194641
vt 0.471456 -0.194641
vt 0.471455 -0.188551
vt 0.467156 -0.194642
vt 0.471455 -0.188551
vt 0.467156 -0.188552
vt 0.467156 -0.194642
vt 0.467156 -0.188552
vt 0.462857 -0.188552
vt 0.467156 -0.194642
vt 0.462857 -0.188552
vt 0.462857 -0.194642
vt 0.467156 -0.194642
vt 0.462857 -0.194642
vt 0.462857 -0.188552
vt 0.458557 -0.194641
vt 0.462857 -0.188552
vt 0.458558 -0.188551
vt 0.458557 -0.194641
vt 0.458557 -0.194641
vt 0.458558 -0.188551
vt 0.454258 -0.19464
vt 0.458558 -0.188551
vt 0.45426 -0.18855
vt 0.454258 -0.19464
vt 0.454258 -0.19464
vt 0.45426 -0.18855
vt 0.449959 -0.194638
vt 0.45426 -0.18855
vt 0.44996 -0.188548
vt 0.449959 -0.194638
vt 0.501549 -0.194638
vt 0.50155 -0.188548
vt 0.49725 -0.194637
vt 0.50155 -0.188548
vt 0.497251 -0.188547
vt 0.49725 -0.194637
vt 0.49725 -0.194637
vt 0.497251 -0.188547
vt 0.492951 -0.194636
vt 0.497251 -0.188547
vt 0.492951 -0.188546
vt 0.492951 -0.194636
vt 0.492951 -0.194636
vt 0.492951 -0.188546
vt 0.488652 -0.194636
vt 0.492951 -0.188546
vt 0.488652 -0.188546
vt 0.488652 -0.194636
vt 0.501078 -0.240902
vt 0.50108 -0.263627
vt 0.503324 -0.240902
vt 0.50108 -0.263627
vt 0.503328 -0.263627
vt 0.503324 -0.240902
vt 0.503324 -0.240902
vt 0.503328 -0.263627
vt 0.50557 -0.240901
vt 0.503328 -0.263627
vt 0.505575 -0.263626
vt 0.50557 -0.240901
vt 0.50557 -0.240901
vt 0.505575 -0.263626
vt 0.507815 -0.240901
vt 0.505575 -0.263626
vt 0.50782 -0.263625
vt 0.507815 -0.240901
vt 0.507815 -0.240901
vt 0.50782 -0.263625
vt 0.510061 -0.2409
vt 0.50782 -0.263625
vt 0.510064 -0.263625
vt 0.510061 -0.2409
vt 0.510061 -0.2409
vt 0.510064 -0.263625
vt 0.512306 -0.2409
vt 0.510064 -0.263625
vt 0.512307 -0.263624
vt 0.512306 -0.2409
vt 0.512306 -0.2409
vt 0.512307 -0.263624
vt 0.514551 -0.2409
vt 0.512307 -0.263624
vt 0.514549 -0.263624
vt 0.514551 -0.2409
vt 0.514551 -0.2409
vt 0.514549 -0.263624
vt 0.516796 -0.2409
vt 0.514549 -0.263624
vt 0.516792 -0.263625
vt 0.516796 -0.2409
vt 0.516796 -0.2409
vt 0.516792 -0.263625
vt 0.519041 -0.240901
vt 0.516792 -0.263625
vt 0.519036 -0.263625
vt 0.519041 -0.240901
vt 0.519041 -0.240901
vt 0.519036 -0.263625
vt 0.521287 -0.240901
vt 0.519036 -0.263625
vt 0.521281 -0.263626
vt 0.521287 -0.240901
vt 0.494341 -0.240901
vt 0.494336 -0.263626
vt 0.496586 -0.240902
vt 0.494336 -0.263626
vt 0.496583 -0.263627
vt 0.496586 -0.240902
vt 0.496586 -0.240902
vt 0.496583 -0.263627
vt 0.498832 -0.240902
vt 0.496583 -0.263627
vt 0.498831 -0.263627
vt 0.498832 -0.240902
vt 0.501078 -0.240902
vt 0.498832 -0.240902
vt 0.498831 -0.263627
vt 0.50108 -0.263627
vt 0.501078 -0.240902
vt 0.498831 -0.263627
vt 0.512307 -0.265995
vt 0.514549 -0.265995
vt 0.514549 -0.263734
vt 0.512307 -0.263734
vt 0.512307 -0.265995
vt 0.514549 -0.263734
vt 0.510064 -0.265995
vt 0.512307 -0.265995
vt 0.512307 -0.263734
vt 0.510064 -0.263734
vt 0.510064 -0.265995
vt 0.512307 -0.263734
vt 0.50782 -0.265996
vt 0.510064 -0.265995
vt 0.510064 -0.263734
vt 0.50782 -0.263735
vt 0.50782 -0.265996
vt 0.510064 -0.263734
vt 0.505575 -0.265997
vt 0.50782 -0.265996
vt 0.50782 -0.263735
vt 0.505574 -0.263736
vt 0.505575 -0.265997
vt 0.50782 -0.263735
vt 0.503328 -0.265997
vt 0.505575 -0.265997
vt 0.505574 -0.263736
vt 0.503327 -0.263736
vt 0.503328 -0.265997
vt 0.505574 -0.263736
vt 0.501079 -0.265998
vt 0.503328 -0.265997
vt 0.503327 -0.263736
vt 0.501079 -0.263737
vt 0.501079 -0.265998
vt 0.503327 -0.263736
vt 0.501079 -0.265998
vt 0.501079 -0.263737
vt 0.498831 -0.265998
vt 0.501079 -0.263737
vt 0.498831 -0.263737
vt 0.498831 -0.265998
vt 0.496583 -0.265997
vt 0.498831 -0.265998
vt 0.498831 -0.263737
vt 0.496583 -0.263736
vt 0.496583 -0.265997
vt 0.498831 -0.263737
vt 0.494336 -0.265997
vt 0.496583 -0.265997
vt 0.496583 -0.263736
vt 0.494336 -0.263736
vt 0.494336 -0.265997
vt 0.496583 -0.263736
vt 0.519036 -0.265996
vt 0.521282 -0.265997
vt 0.521282 -0.263736
vt 0.519037 -0.263735
vt 0.519036 -0.265996
vt 0.521282 -0.263736
vt 0.516792 -0.265995
vt 0.519036 -0.265996
vt 0.519037 -0.263735
vt 0.516793 -0.263734
vt 0.516792 -0.265995
vt 0.519037 -0.263735
vt 0.514549 -0.265995
vt 0.516792 -0.265995
vt 0.516793 -0.263734
vt 0.514549 -0.263734
vt 0.514549 -0.265995
vt 0.516793 -0.263734
vt 0.499454 -0.210606
vt 0.478891 -0.199572
vt 0.496829 -0.214532
vt 0.478891 -0.199572
vt 0.478191 -0.200656
vt 0.496829 -0.214532
vt 0.496829 -0.214532
vt 0.478191 -0.200656
vt 0.493661 -0.217984
vt 0.478191 -0.200656
vt 0.477324 -0.20169
vt 0.493661 -0.217984
vt 0.493661 -0.217984
vt 0.477324 -0.20169
vt 0.490133 -0.221049
vt 0.477324 -0.20169
vt 0.476265 -0.202608
vt 0.490133 -0.221049
vt 0.490133 -0.221049
vt 0.476265 -0.202608
vt 0.486241 -0.223621
vt 0.476265 -0.202608
vt 0.475154 -0.203348
vt 0.486241 -0.223621
vt 0.475154 -0.203348
vt 0.473977 -0.203924
vt 0.486241 -0.223621
vt 0.473977 -0.203924
vt 0.481873 -0.225639
vt 0.486241 -0.223621
vt 0.481873 -0.225639
vt 0.473977 -0.203924
vt 0.477173 -0.226963
vt 0.473977 -0.203924
vt 0.472712 -0.204324
vt 0.477173 -0.226963
vt 0.477173 -0.226963
vt 0.472712 -0.204324
vt 0.472477 -0.227588
vt 0.472712 -0.204324
vt 0.471375 -0.20454
vt 0.472477 -0.227588
vt 0.472477 -0.227588
vt 0.471375 -0.20454
vt 0.467827 -0.227485
vt 0.471375 -0.20454
vt 0.47012 -0.204363
vt 0.467827 -0.227485
vt 0.467827 -0.227485
vt 0.47012 -0.204363
vt 0.463099 -0.22669
vt 0.47012 -0.204363
vt 0.468845 -0.203947
vt 0.463099 -0.22669
vt 0.503096 -0.196836
vt 0.480059 -0.195828
vt 0.502537 -0.201659
vt 0.480059 -0.195828
vt 0.479862 -0.197102
vt 0.502537 -0.201659
vt 0.502537 -0.201659
vt 0.479862 -0.197102
vt 0.501267 -0.206317
vt 0.479862 -0.197102
vt 0.47946 -0.19838
vt 0.501267 -0.206317
vt 0.501267 -0.206317
vt 0.47946 -0.19838
vt 0.499454 -0.210606
vt 0.47946 -0.19838
vt 0.478891 -0.199572
vt 0.499454 -0.210606
vt 0.477557 -0.233871
vt 0.477726 -0.23324
vt 0.476111 -0.233036
vt 0.477726 -0.23324
vt 0.476573 -0.232574
vt 0.476111 -0.233036
vt 0.476111 -0.233036
vt 0.476573 -0.232574
vt 0.475277 -0.23159
vt 0.476573 -0.232574
vt 0.475907 -0.231421
vt 0.475277 -0.23159
vt 0.475277 -0.23159
vt 0.475907 -0.231421
vt 0.475277 -0.229921
vt 0.475907 -0.231421
vt 0.475907 -0.230089
vt 0.475277 -0.229921
vt 0.475277 -0.229921
vt 0.475907 -0.230089
vt 0.476111 -0.228475
vt 0.475907 -0.230089
vt 0.476573 -0.228936
vt 0.476111 -0.228475
vt 0.476111 -0.228475
vt 0.476573 -0.228936
vt 0.477557 -0.22764
vt 0.476573 -0.228936
vt 0.477726 -0.22827
vt 0.477557 -0.22764
vt 0.477726 -0.22827
vt 0.479058 -0.22827
vt 0.477557 -0.22764
vt 0.479058 -0.22827
vt 0.479227 -0.22764
vt 0.477557 -0.22764
vt 0.479227 -0.22764
vt 0.479058 -0.22827
vt 0.480673 -0.228475
vt 0.479058 -0.22827
vt 0.480211 -0.228936
vt 0.480673 -0.228475
vt 0.480673 -0.228475
vt 0.480211 -0.228936
vt 0.481508 -0.229921
vt 0.480211 -0.228936
vt 0.480877 -0.230089
vt 0.481508 -0.229921
vt 0.481508 -0.229921
vt 0.480877 -0.230089
vt 0.481508 -0.23159
vt 0.480877 -0.230089
vt 0.480877 -0.231421
vt 0.481508 -0.23159
vt 0.481508 -0.23159
vt 0.480877 -0.231421
vt 0.480673 -0.233036
vt 0.480877 -0.231421
vt 0.480211 -0.232574
vt 0.480673 -0.233036
vt 0.480673 -0.233036
vt 0.480211 -0.232574
vt 0.479227 -0.233871
vt 0.480211 -0.232574
vt 0.479058 -0.23324
vt 0.479227 -0.233871
vt 0.479227 -0.233871
vt 0.479058 -0.23324
vt 0.477557 -0.233871
vt 0.479058 -0.23324
vt 0.477726 -0.23324
vt 0.477557 -0.233871
vt 0.487981 -0.187406
vt 0.487981 -0.186392
vt 0.484434 -0.187407
vt 0.487981 -0.186392
vt 0.484434 -0.186393
vt 0.484434 -0.187407
vt 0.484434 -0.187407
vt 0.484434 -0.186393
vt 0.480886 -0.187408
vt 0.484434 -0.186393
vt 0.480886 -0.186394
vt 0.480886 -0.187408
vt 0.480886 -0.187408
vt 0.480886 -0.186394
vt 0.477338 -0.18741
vt 0.480886 -0.186394
vt 0.477338 -0.186395
vt 0.477338 -0.18741
vt 0.477338 -0.18741
vt 0.477338 -0.186395
vt 0.473791 -0.187411
vt 0.477338 -0.186395
vt 0.473791 -0.186397
vt 0.473791 -0.187411
vt 0.473791 -0.187411
vt 0.473791 -0.186397
vt 0.470243 -0.187411
vt 0.473791 -0.186397
vt 0.470243 -0.186397
vt 0.470243 -0.187411
vt 0.466696 -0.187411
vt 0.470243 -0.187411
vt 0.470243 -0.186397
vt 0.466696 -0.186397
vt 0.466696 -0.187411
vt 0.470243 -0.186397
vt 0.466696 -0.187411
vt 0.466696 -0.186397
vt 0.463148 -0.187411
vt 0.466696 -0.186397
vt 0.463148 -0.186397
vt 0.463148 -0.187411
vt 0.463148 -0.187411
vt 0.463148 -0.186397
vt 0.4596 -0.18741
vt 0.463148 -0.186397
vt 0.4596 -0.186395
vt 0.4596 -0.18741
vt 0.4596 -0.18741
vt 0.4596 -0.186395
vt 0.456053 -0.187408
vt 0.4596 -0.186395
vt 0.456053 -0.186394
vt 0.456053 -0.187408
vt 0.498624 -0.187408
vt 0.498624 -0.186394
vt 0.495076 -0.187407
vt 0.498624 -0.186394
vt 0.495077 -0.186393
vt 0.495076 -0.187407
vt 0.495076 -0.187407
vt 0.495077 -0.186393
vt 0.491529 -0.187406
vt 0.495077 -0.186393
vt 0.491529 -0.186392
vt 0.491529 -0.187406
vt 0.491529 -0.187406
vt 0.491529 -0.186392
vt 0.487981 -0.187406
vt 0.491529 -0.186392
vt 0.487981 -0.186392
vt 0.487981 -0.187406
vt 0.476949 -0.230919
vt 0.478286 -0.23056
vt 0.477307 -0.229581
vt 0.477928 -0.231897
vt 0.478286 -0.23056
vt 0.476949 -0.230919
vt 0.479265 -0.231539
vt 0.478286 -0.23056
vt 0.477928 -0.231897
vt 0.478286 -0.23056
vt 0.479265 -0.231539
vt 0.479623 -0.230202
vt 0.478286 -0.23056
vt 0.479623 -0.230202
vt 0.478645 -0.229223
vt 0.478645 -0.229223
vt 0.477307 -0.229581
vt 0.478286 -0.23056
vt 0.466461 -0.200374
vt 0.467005 -0.200228
vt 0.465652 -0.197885
vt 0.466461 -0.200374
vt 0.466461 -0.202789
vt 0.467005 -0.200228
vt 0.466461 -0.202789
vt 0.467005 -0.202934
vt 0.467005 -0.200228
vt 0.466461 -0.202789
vt 0.465254 -0.20488
vt 0.467005 -0.202934
vt 0.465254 -0.20488
vt 0.465652 -0.205278
vt 0.467005 -0.202934
vt 0.465254 -0.20488
vt 0.463163 -0.206087
vt 0.465652 -0.205278
vt 0.463163 -0.206087
vt 0.463308 -0.206631
vt 0.465652 -0.205278
vt 0.463163 -0.206087
vt 0.460748 -0.206087
vt 0.463308 -0.206631
vt 0.460748 -0.206087
vt 0.460602 -0.206631
vt 0.463308 -0.206631
vt 0.460748 -0.206087
vt 0.458657 -0.20488
vt 0.460602 -0.206631
vt 0.458657 -0.20488
vt 0.458259 -0.205278
vt 0.460602 -0.206631
vt 0.458657 -0.20488
vt 0.45745 -0.202789
vt 0.458259 -0.205278
vt 0.45745 -0.202789
vt 0.456906 -0.202934
vt 0.458259 -0.205278
vt 0.45745 -0.202789
vt 0.45745 -0.200374
vt 0.456906 -0.202934
vt 0.45745 -0.200374
vt 0.456906 -0.200228
vt 0.456906 -0.202934
vt 0.45745 -0.200374
vt 0.458657 -0.198283
vt 0.456906 -0.200228
vt 0.458657 -0.198283
vt 0.458259 -0.197885
vt 0.456906 -0.200228
vt 0.458657 -0.198283
vt 0.460748 -0.197075
vt 0.458259 -0.197885
vt 0.460748 -0.197075
vt 0.460602 -0.196532
vt 0.458259 -0.197885
vt 0.460748 -0.197075
vt 0.463163 -0.197075
vt 0.460602 -0.196532
vt 0.463163 -0.197075
vt 0.463308 -0.196532
vt 0.460602 -0.196532
vt 0.463163 -0.197075
vt 0.465254 -0.198283
vt 0.463308 -0.196532
vt 0.465254 -0.198283
vt 0.465652 -0.197885
vt 0.463308 -0.196532
vt 0.465254 -0.198283
vt 0.466461 -0.200374
vt 0.465652 -0.197885
vt 0.454634 -0.231289
vt 0.453274 -0.231078
vt 0.454818 -0.234644
vt 0.453274 -0.231078
vt 0.452258 -0.23428
vt 0.454818 -0.234644
vt 0.455942 -0.230989
vt 0.454634 -0.231289
vt 0.457326 -0.23405
vt 0.454634 -0.231289
vt 0.454818 -0.234644
vt 0.457326 -0.23405
vt 0.457326 -0.23405
vt 0.459426 -0.232639
vt 0.455942 -0.230989
vt 0.459426 -0.232639
vt 0.457125 -0.230193
vt 0.455942 -0.230989
vt 0.458304 -0.226407
vt 0.458393 -0.227816
vt 0.461542 -0.225513
vt 0.458393 -0.227816
vt 0.461744 -0.228063
vt 0.461542 -0.225513
vt 0.492247 -0.232873
vt 0.492906 -0.232697
vt 0.491553 -0.230353
vt 0.492247 -0.232873
vt 0.492247 -0.235226
vt 0.492906 -0.232697
vt 0.492247 -0.235226
vt 0.492906 -0.235403
vt 0.492906 -0.232697
vt 0.492247 -0.235226
vt 0.49107 -0.237264
vt 0.492906 -0.235403
vt 0.49107 -0.237264
vt 0.491553 -0.237746
vt 0.492906 -0.235403
vt 0.49107 -0.237264
vt 0.489033 -0.23844
vt 0.491553 -0.237746
vt 0.489033 -0.23844
vt 0.489209 -0.239099
vt 0.491553 -0.237746
vt 0.489033 -0.23844
vt 0.48668 -0.23844
vt 0.489209 -0.239099
vt 0.48668 -0.23844
vt 0.486503 -0.239099
vt 0.489209 -0.239099
vt 0.48668 -0.23844
vt 0.484642 -0.237264
vt 0.486503 -0.239099
vt 0.484642 -0.237264
vt 0.48416 -0.237746
vt 0.486503 -0.239099
vt 0.484642 -0.237264
vt 0.483465 -0.235226
vt 0.48416 -0.237746
vt 0.483465 -0.235226
vt 0.482807 -0.235403
vt 0.48416 -0.237746
vt 0.483465 -0.235226
vt 0.483465 -0.232873
vt 0.482807 -0.235403
vt 0.483465 -0.232873
vt 0.482807 -0.232697
vt 0.482807 -0.235403
vt 0.483465 -0.232873
vt 0.484642 -0.230835
vt 0.482807 -0.232697
vt 0.484642 -0.230835
vt 0.48416 -0.230353
vt 0.482807 -0.232697
vt 0.484642 -0.230835
vt 0.48668 -0.229659
vt 0.48416 -0.230353
vt 0.48668 -0.229659
vt 0.486503 -0.229
vt 0.48416 -0.230353
vt 0.486503 -0.229
vt 0.48668 -0.229659
vt 0.489033 -0.229659
vt 0.489209 -0.229
vt 0.486503 -0.229
vt 0.489033 -0.229659
vt 0.489033 -0.229659
vt 0.49107 -0.230835
vt 0.489209 -0.229
vt 0.49107 -0.230835
vt 0.491553 -0.230353
vt 0.489209 -0.229
vt 0.49107 -0.230835
vt 0.492247 -0.232873
vt 0.491553 -0.230353
vt 0.458393 -0.227816
vt 0.458044 -0.229152
vt 0.461744 -0.228063
vt 0.458044 -0.229152
vt 0.461059 -0.230628
vt 0.461744 -0.228063
vt 0.459426 -0.232639
vt 0.461059 -0.230628
vt 0.457125 -0.230193
vt 0.461059 -0.230628
vt 0.458044 -0.229152
vt 0.457125 -0.230193
vt 0.445604 -0.20178
vt 0.442996 -0.20178
vt 0.444308 -0.204613
vt 0.442996 -0.20178
vt 0.443051 -0.204613
vt 0.444308 -0.204613
vt 0.445604 -0.20178
vt 0.444308 -0.204613
vt 0.445613 -0.204613
usemtl acmat_0
f 208/1/1 209/2/2 207/3/3
f 210/4/4 208/5/5 207/6/6
f 210/7/7 207/8/8 480/9/9
f 238/10/10 236/11/11 237/12/12
f 236/13/13 235/14/14 237/15/15
f 235/16/16 236/17/17 481/18/18
f 274/19/19 271/20/20 272/21/21
f 271/22/22 273/23/23 272/24/24
f 273/25/25 271/26/26 482/27/27
f 251/28/28 253/29/29 252/30/30
f 254/31/31 251/32/32 252/33/33
f 254/34/34 252/35/35 483/36/36
f 329/37/37 327/38/38 328/39/39
f 327/40/40 326/41/41 328/42/42
f 327/43/43 323/44/44 326/45/45
f 323/46/46 322/47/47 326/48/48
f 323/49/49 321/50/50 322/51/51
f 321/52/52 320/53/53 322/54/54
f 321/55/55 319/56/56 320/57/57
f 319/58/58 318/59/59 320/60/60
f 319/61/61 317/62/62 318/63/63
f 317/64/64 316/65/65 318/66/66
f 317/67/67 314/68/68 316/69/69
f 314/70/70 312/71/71 316/72/72
f 314/73/73 311/74/74 312/75/75
f 311/76/76 310/77/77 312/78/78
f 311/79/79 309/80/80 310/81/81
f 309/82/82 308/83/83 310/84/84
f 309/85/85 306/86/86 308/87/87
f 306/88/88 307/89/89 308/90/90
f 306/91/91 335/92/92 307/93/93
f 335/94/94 334/95/95 307/96/96
f 335/97/97 333/98/98 334/99/99
f 333/100/100 331/101/101 334/102/102
f 333/103/103 332/104/104 331/105/105
f 332/106/106 330/107/107 331/108/108
f 357/109/109 354/110/110 356/111/111
f 354/112/112 355/113/113 356/114/114
f 354/115/115 1/116/116 355/117/117
f 1/118/118 6/119/119 355/120/120
f 1/121/121 2/122/122 6/123/123
f 2/124/124 3/125/125 6/126/126
f 2/127/127 4/128/128 3/129/129
f 4/130/130 5/131/131 3/132/132
f 4/133/133 8/134/134 5/135/135
f 8/136/136 7/137/137 5/138/138
f 8/139/139 9/140/140 7/141/141
f 9/142/142 10/143/143 7/144/144
f 9/145/145 339/146/146 10/147/147
f 339/148/148 338/149/149 10/150/150
f 339/151/151 341/152/152 338/153/153
f 341/154/154 340/155/155 338/156/156
f 341/157/157 343/158/158 340/159/159
f 343/160/160 342/161/161 340/162/162
f 343/163/163 348/164/164 342/165/165
f 348/166/166 347/167/167 342/168/168
f 348/169/169 350/170/170 347/171/171
f 350/172/172 351/173/173 347/174/174
f 350/175/175 352/176/176 351/177/177
f 352/178/178 353/179/179 351/180/180
f 369/181/181 79/182/182 80/183/183
f 80/184/184 79/185/185 65/186/186
f 79/187/187 68/188/188 65/189/189
f 67/190/190 65/191/191 68/192/192
f 66/193/193 67/194/194 68/195/195
f 67/196/196 66/197/197 183/198/198
f 66/199/199 184/200/200 183/201/201
f 183/202/202 184/203/203 185/204/204
f 184/205/205 186/206/206 185/207/207
f 185/208/208 186/209/209 187/210/210
f 186/211/211 188/212/212 187/213/213
f 187/214/214 188/215/215 189/216/216
f 188/217/217 190/218/218 189/219/219
f 189/220/220 190/221/221 191/222/222
f 190/223/223 192/224/224 191/225/225
f 191/226/226 192/227/227 200/228/228
f 192/229/229 199/230/230 200/231/231
f 200/232/232 199/233/233 202/234/234
f 199/235/235 201/236/236 202/237/237
f 202/238/238 201/239/239 362/240/240
f 201/241/241 363/242/242 362/243/243
f 362/244/244 363/245/245 368/246/246
f 363/247/247 369/248/248 368/249/249
f 368/250/250 369/251/251 80/252/252
f 373/253/253 371/254/254 370/255/255
f 371/256/256 372/257/257 370/258/258
f 371/259/259 395/260/260 372/261/261
f 395/262/262 394/263/263 372/264/264
f 395/265/265 393/266/266 394/267/267
f 393/268/268 392/269/269 394/270/270
f 393/271/271 391/272/272 392/273/273
f 391/274/274 390/275/275 392/276/276
f 391/277/277 389/278/278 390/279/279
f 389/280/280 388/281/281 390/282/282
f 389/283/283 387/284/284 388/285/285
f 387/286/286 386/287/287 388/288/288
f 387/289/289 385/290/290 386/291/291
f 385/292/292 384/293/293 386/294/294
f 385/295/295 383/296/296 384/297/297
f 383/298/298 382/299/299 384/300/300
f 383/301/301 381/302/302 382/303/303
f 381/304/304 380/305/305 382/306/306
f 381/307/307 379/308/308 380/309/309
f 379/310/310 378/311/311 380/312/312
f 379/313/313 377/314/314 378/315/315
f 377/316/316 374/317/317 378/318/318
f 377/319/319 376/320/320 374/321/321
f 376/322/322 375/323/323 374/324/324
f 403/325/325 401/326/326 402/327/327
f 401/328/328 400/329/329 402/330/330
f 401/331/331 397/332/332 400/333/333
f 397/334/334 398/335/335 400/336/336
f 397/337/337 399/338/338 398/339/339
f 399/340/340 396/341/341 398/342/342
f 399/343/343 421/344/344 396/345/345
f 421/346/346 420/347/347 396/348/348
f 421/349/349 419/350/350 420/351/351
f 419/352/352 418/353/353 420/354/354
f 419/355/355 417/356/356 418/357/357
f 417/358/358 416/359/359 418/360/360
f 417/361/361 415/362/362 416/363/363
f 415/364/364 414/365/365 416/366/366
f 415/367/367 413/368/368 414/369/369
f 413/370/370 412/371/371 414/372/372
f 413/373/373 411/374/374 412/375/375
f 411/376/376 410/377/377 412/378/378
f 411/379/379 409/380/380 410/381/381
f 409/382/382 408/383/383 410/384/384
f 409/385/385 407/386/386 408/387/387
f 407/388/388 404/389/389 408/390/390
f 407/391/391 405/392/392 404/393/393
f 405/394/394 406/395/395 404/396/396
f 459/397/397 453/398/398 458/399/399
f 453/400/400 452/401/401 458/402/402
f 453/403/403 206/404/404 452/405/405
f 206/406/406 203/407/407 452/408/408
f 206/409/409 205/410/410 203/411/411
f 205/412/412 204/413/413 203/414/414
f 204/415/415 205/416/416 454/417/417
f 455/418/418 204/419/419 454/420/420
f 455/421/421 454/422/422 456/423/423
f 457/424/424 455/425/425 456/426/426
f 499/427/427 497/428/428 498/429/429
f 499/430/430 498/431/431 500/432/432
f 501/433/433 499/434/434 500/435/435
f 501/436/436 500/437/437 502/438/438
f 503/439/439 501/440/440 502/441/441
f 503/442/442 502/443/443 504/444/444
f 505/445/445 503/446/446 504/447/447
f 505/448/448 504/449/449 506/450/450
f 507/451/451 505/452/452 506/453/453
f 507/454/454 506/455/455 508/456/456
f 509/457/457 507/458/458 508/459/459
f 509/460/460 508/461/461 510/462/462
f 511/463/463 509/464/464 510/465/465
f 511/466/466 510/467/467 489/468/468
f 488/469/469 511/470/470 489/471/471
f 488/472/472 489/473/473 490/474/474
f 491/475/475 488/476/476 490/477/477
f 491/478/478 490/479/479 492/480/480
f 493/481/481 491/482/482 492/483/483
f 493/484/484 492/485/485 494/486/486
f 495/487/487 493/488/488 494/489/489
f 495/490/490 494/491/491 496/492/492
f 497/493/493 495/494/494 496/495/495
f 497/496/496 496/497/497 498/498/498
f 137/499/499 135/500/500 140/501/501
f 137/502/502 225/503/503 135/504/504
f 225/505/505 226/506/506 135/507/507
f 37/508/508 38/509/509 36/510/510
f 39/511/511 38/512/512 37/513/513
f 40/514/514 39/515/515 37/516/516
f 62/517/517 39/518/518 40/519/519
f 61/520/520 62/521/521 40/522/522
f 64/523/523 62/524/524 61/525/525
f 63/526/526 64/527/527 61/528/528
f 85/529/529 64/530/530 63/531/531
f 86/532/532 85/533/533 63/534/534
f 88/535/535 85/536/536 86/537/537
f 87/538/538 88/539/539 86/540/540
f 90/541/541 88/542/542 87/543/543
f 89/544/544 90/545/545 87/546/546
f 91/547/547 90/548/548 89/549/549
f 92/550/550 91/551/551 89/552/552
f 93/553/553 91/554/554 92/555/555
f 94/556/556 93/557/557 92/558/558
f 93/559/559 94/560/560 21/561/561
f 94/562/562 24/563/563 21/564/564
f 11/565/565 21/566/566 24/567/567
f 12/568/568 11/569/569 24/570/570
f 35/571/571 11/572/572 12/573/573
f 36/574/574 35/575/575 12/576/576
f 38/577/577 35/578/578 36/579/579
f 525/580/580 523/581/581 522/582/582
f 523/583/583 524/584/584 522/585/585
f 523/586/586 527/587/587 524/588/588
f 527/589/589 526/590/590 524/591/591
f 527/592/592 529/593/593 526/594/594
f 529/595/595 528/596/596 526/597/597
f 529/598/598 519/599/599 528/600/600
f 519/601/601 518/602/602 528/603/603
f 519/604/604 516/605/605 518/606/606
f 516/607/607 517/608/608 518/609/609
f 517/610/610 516/611/611 515/612/612
f 516/613/613 514/614/614 515/615/615
f 515/616/616 514/617/617 513/618/618
f 514/619/619 512/620/620 513/621/621
f 513/622/622 512/623/623 129/624/624
f 512/625/625 130/626/626 129/627/627
f 125/628/628 129/629/629 130/630/630
f 124/631/631 125/632/632 130/633/633
f 124/634/634 126/635/635 125/636/636
f 126/637/637 128/638/638 125/639/639
f 126/640/640 132/641/641 128/642/642
f 132/643/643 131/644/644 128/645/645
f 132/646/646 521/647/647 131/648/648
f 521/649/649 520/650/650 131/651/651
f 477/652/652 476/653/653 478/654/654
f 477/655/655 475/656/656 476/657/657
f 475/658/658 474/659/659 476/660/660
f 475/661/661 473/662/662 474/663/663
f 473/664/664 472/665/665 474/666/666
f 473/667/667 471/668/668 472/669/669
f 471/670/670 470/671/671 472/672/672
f 471/673/673 469/674/674 470/675/675
f 469/676/676 468/677/677 470/678/678
f 469/679/679 467/680/680 468/681/681
f 467/682/682 466/683/683 468/684/684
f 467/685/685 465/686/686 466/687/687
f 465/688/688 464/689/689 466/690/690
f 465/691/691 460/692/692 464/693/693
f 460/694/694 463/695/695 464/696/696
f 460/697/697 461/698/698 463/699/699
f 461/700/700 462/701/701 463/702/702
f 461/703/703 487/704/704 462/705/705
f 487/706/706 486/707/707 462/708/708
f 487/709/709 485/710/710 486/711/711
f 485/712/712 484/713/713 486/714/714
f 485/715/715 479/716/716 484/717/717
f 479/718/718 478/719/719 484/720/720
f 479/721/721 477/722/722 478/723/723
f 52/724/724 51/725/725 41/726/726
f 51/727/727 42/728/728 41/729/729
f 41/730/730 42/731/731 18/732/732
f 42/733/733 17/734/734 18/735/735
f 18/736/736 17/737/737 25/738/738
f 17/739/739 26/740/740 25/741/741
f 25/742/742 26/743/743 447/744/744
f 26/745/745 446/746/746 447/747/747
f 447/748/748 446/749/749 359/750/750
f 446/751/751 358/752/752 359/753/753
f 359/754/754 358/755/755 336/756/756
f 358/757/757 337/758/758 336/759/759
f 337/760/760 170/761/761 336/762/762
f 170/763/763 169/764/764 336/765/765
f 169/766/766 170/767/767 171/768/768
f 170/769/769 168/770/770 171/771/771
f 171/772/772 168/773/773 198/774/774
f 168/775/775 197/776/776 198/777/777
f 367/778/778 366/779/779 69/780/780
f 366/781/781 70/782/782 69/783/783
f 69/784/784 70/785/785 50/786/786
f 70/787/787 53/788/788 50/789/789
f 50/790/790 53/791/791 52/792/792
f 53/793/793 51/794/794 52/795/795
f 44/796/796 43/797/797 20/798/798
f 43/799/799 19/800/800 20/801/801
f 20/802/802 19/803/803 29/804/804
f 19/805/805 30/806/806 29/807/807
f 29/808/808 30/809/809 445/810/810
f 30/811/811 444/812/812 445/813/813
f 445/814/814 444/815/815 360/816/816
f 444/817/817 361/818/818 360/819/819
f 360/820/820 361/821/821 344/822/822
f 361/823/823 345/824/824 344/825/825
f 345/826/826 174/827/827 344/828/828
f 174/829/829 173/830/830 344/831/831
f 173/832/832 174/833/833 182/834/834
f 174/835/835 181/836/836 182/837/837
f 182/838/838 181/839/839 195/840/840
f 181/841/841 196/842/842 195/843/843
f 195/844/844 196/845/845 365/846/846
f 196/847/847 364/848/848 365/849/849
f 72/850/850 71/851/851 49/852/852
f 71/853/853 46/854/854 49/855/855
f 49/856/856 46/857/857 48/858/858
f 46/859/859 47/860/860 48/861/861
f 48/862/862 47/863/863 44/864/864
f 47/865/865 43/866/866 44/867/867
f 122/868/868 121/869/869 442/870/870
f 121/871/871 443/872/872 442/873/873
f 442/874/874 443/875/875 440/876/876
f 443/877/877 441/878/878 440/879/879
f 440/880/880 441/881/881 439/882/882
f 441/883/883 438/884/884 439/885/885
f 439/886/886 438/887/887 436/888/888
f 438/889/889 437/890/890 436/891/891
f 436/892/892 437/893/893 434/894/894
f 437/895/895 435/896/896 434/897/897
f 434/898/898 435/899/899 432/900/900
f 435/901/901 433/902/902 432/903/903
f 432/904/904 433/905/905 431/906/906
f 433/907/907 430/908/908 431/909/909
f 431/910/910 430/911/911 426/912/912
f 430/913/913 429/914/914 426/915/915
f 426/916/916 429/917/917 428/918/918
f 429/919/919 427/920/920 428/921/921
f 425/922/922 424/923/923 423/924/924
f 424/925/925 422/926/926 423/927/927
f 423/928/928 422/929/929 127/930/930
f 422/931/931 123/932/932 127/933/933
f 122/934/934 127/935/935 123/936/936
f 121/937/937 122/938/938 123/939/939
f 105/940/940 108/941/941 107/942/942
f 106/943/943 105/944/944 107/945/945
f 103/946/946 105/947/947 106/948/948
f 104/949/949 103/950/950 106/951/951
f 102/952/952 103/953/953 104/954/954
f 101/955/955 102/956/956 104/957/957
f 99/958/958 102/959/959 101/960/960
f 100/961/961 99/962/962 101/963/963
f 95/964/964 99/965/965 100/966/966
f 98/967/967 95/968/968 100/969/969
f 96/970/970 95/971/971 98/972/972
f 97/973/973 96/974/974 98/975/975
f 96/976/976 97/977/977 119/978/978
f 97/979/979 120/980/980 119/981/981
f 116/982/982 119/983/983 120/984/984
f 117/985/985 116/986/986 120/987/987
f 115/988/988 116/989/989 117/990/990
f 118/991/991 115/992/992 117/993/993
f 112/994/994 114/995/995 113/996/996
f 111/997/997 112/998/998 113/999/999
f 110/1000/1000 112/1001/1001 111/1002/1002
f 109/1003/1003 110/1004/1004 111/1005/1005
f 108/1006/1006 110/1007/1007 109/1008/1008
f 107/1009/1009 108/1010/1010 109/1011/1011
f 32/1012/1012 31/1013/1013 27/1014/1014
f 31/1015/1015 28/1016/1016 27/1017/1017
f 27/1018/1018 28/1019/1019 15/1020/1020
f 28/1021/1021 16/1022/1022 15/1023/1023
f 15/1024/1024 16/1025/1025 450/1026/1026
f 16/1027/1027 451/1028/1028 450/1029/1029
f 450/1030/1030 451/1031/1031 346/1032/1032
f 451/1033/1033 349/1034/1034 346/1035/1035
f 349/1036/1036 179/1037/1037 346/1038/1038
f 179/1039/1039 178/1040/1040 346/1041/1041
f 178/1042/1042 179/1043/1043 165/1044/1044
f 179/1045/1045 167/1046/1046 165/1047/1047
f 165/1048/1048 167/1049/1049 194/1050/1050
f 167/1051/1051 193/1052/1052 194/1053/1053
f 194/1054/1054 193/1055/1055 73/1056/1056
f 193/1057/1057 74/1058/1058 73/1059/1059
f 73/1060/1060 74/1061/1061 76/1062/1062
f 74/1063/1063 75/1064/1064 76/1065/1065
f 56/1066/1066 45/1067/1067 54/1068/1068
f 45/1069/1069 55/1070/1070 54/1071/1071
f 54/1072/1072 55/1073/1073 82/1074/1074
f 55/1075/1075 81/1076/1076 82/1077/1077
f 82/1078/1078 81/1079/1079 32/1080/1080
f 81/1081/1081 31/1082/1082 32/1083/1083
f 83/1084/1084 84/1085/1085 33/1086/1086
f 84/1087/1087 34/1088/1088 33/1089/1089
f 33/1090/1090 34/1091/1091 13/1092/1092
f 34/1093/1093 14/1094/1094 13/1095/1095
f 13/1096/1096 14/1097/1097 22/1098/1098
f 14/1099/1099 23/1100/1100 22/1101/1101
f 22/1102/1102 23/1103/1103 449/1104/1104
f 23/1105/1105 448/1106/1106 449/1107/1107
f 449/1108/1108 448/1109/1109 211/1110/1110
f 448/1111/1111 213/1112/1112 211/1113/1113
f 213/1114/1114 175/1115/1115 211/1116/1116
f 175/1117/1117 176/1118/1118 211/1119/1119
f 176/1120/1120 175/1121/1121 177/1122/1122
f 175/1123/1123 166/1124/1124 177/1125/1125
f 177/1126/1126 166/1127/1127 180/1128/1128
f 166/1129/1129 172/1130/1130 180/1131/1131
f 180/1132/1132 172/1133/1133 77/1134/1134
f 172/1135/1135 78/1136/1136 77/1137/1137
f 77/1138/1138 78/1139/1139 59/1140/1140
f 78/1141/1141 60/1142/1142 59/1143/1143
f 59/1144/1144 60/1145/1145 57/1146/1146
f 60/1147/1147 58/1148/1148 57/1149/1149
f 57/1150/1150 58/1151/1151 83/1152/1152
f 58/1153/1153 84/1154/1154 83/1155/1155
f 148/1156/1156 147/1157/1157 145/1158/1158
f 147/1159/1159 146/1160/1160 145/1161/1161
f 145/1162/1162 146/1163/1163 144/1164/1164
f 146/1165/1165 143/1166/1166 144/1167/1167
f 144/1168/1168 143/1169/1169 138/1170/1170
f 143/1171/1171 139/1172/1172 138/1173/1173
f 138/1174/1174 139/1175/1175 142/1176/1176
f 139/1177/1177 141/1178/1178 142/1179/1179
f 142/1180/1180 141/1181/1181 163/1182/1182
f 141/1183/1183 164/1184/1184 163/1185/1185
f 162/1186/1186 163/1187/1187 164/1188/1188
f 161/1189/1189 162/1190/1190 164/1191/1191
f 162/1192/1192 161/1193/1193 160/1194/1194
f 161/1195/1195 159/1196/1196 160/1197/1197
f 160/1198/1198 159/1199/1199 155/1200/1200
f 159/1201/1201 158/1202/1202 155/1203/1203
f 155/1204/1204 158/1205/1205 157/1206/1206
f 158/1207/1207 156/1208/1208 157/1209/1209
f 154/1210/1210 153/1211/1211 151/1212/1212
f 153/1213/1213 152/1214/1214 151/1215/1215
f 151/1216/1216 152/1217/1217 149/1218/1218
f 152/1219/1219 150/1220/1220 149/1221/1221
f 149/1222/1222 150/1223/1223 148/1224/1224
f 150/1225/1225 147/1226/1226 148/1227/1227
f 324/1228/1228 305/1229/1229 325/1230/1230
f 315/1231/1231 305/1232/1232 324/1233/1233
f 313/1234/1234 305/1235/1235 315/1236/1236
f 305/1237/1237 313/1238/1238 303/1239/1239
f 305/1240/1240 303/1241/1241 304/1242/1242
f 304/1243/1243 325/1244/1244 305/1245/1245
f 265/1246/1246 266/1247/1247 259/1248/1248
f 265/1249/1249 276/1250/1250 266/1251/1251
f 276/1252/1252 275/1253/1253 266/1254/1254
f 276/1255/1255 277/1256/1256 275/1257/1257
f 277/1258/1258 278/1259/1259 275/1260/1260
f 277/1261/1261 279/1262/1262 278/1263/1263
f 279/1264/1264 280/1265/1265 278/1266/1266
f 279/1267/1267 281/1268/1268 280/1269/1269
f 281/1270/1270 282/1271/1271 280/1272/1272
f 281/1273/1273 291/1274/1274 282/1275/1275
f 291/1276/1276 292/1277/1277 282/1278/1278
f 291/1279/1279 293/1280/1280 292/1281/1281
f 293/1282/1282 294/1283/1283 292/1284/1284
f 293/1285/1285 296/1286/1286 294/1287/1287
f 296/1288/1288 295/1289/1289 294/1290/1290
f 296/1291/1291 297/1292/1292 295/1293/1293
f 297/1294/1294 298/1295/1295 295/1296/1296
f 297/1297/1297 263/1298/1298 298/1299/1299
f 263/1300/1300 264/1301/1301 298/1302/1302
f 263/1303/1303 260/1304/1304 264/1305/1305
f 260/1306/1306 261/1307/1307 264/1308/1308
f 260/1309/1309 262/1310/1310 261/1311/1311
f 262/1312/1312 259/1313/1313 261/1314/1314
f 262/1315/1315 265/1316/1316 259/1317/1317
f 302/1318/1318 299/1319/1319 300/1320/1320
f 299/1321/1321 301/1322/1322 300/1323/1323
f 290/1324/1324 289/1325/1325 287/1326/1326
f 289/1327/1327 288/1328/1328 287/1329/1329
f 286/1330/1330 284/1331/1331 283/1332/1332
f 284/1333/1333 285/1334/1334 283/1335/1335
f 270/1336/1336 269/1337/1337 268/1338/1338
f 269/1339/1339 267/1340/1340 268/1341/1341
f 219/1342/1342 220/1343/1343 218/1344/1344
f 219/1345/1345 228/1346/1346 220/1347/1347
f 228/1348/1348 227/1349/1349 220/1350/1350
f 228/1351/1351 230/1352/1352 227/1353/1353
f 230/1354/1354 229/1355/1355 227/1356/1356
f 230/1357/1357 231/1358/1358 229/1359/1359
f 231/1360/1360 232/1361/1361 229/1362/1362
f 231/1363/1363 234/1364/1364 232/1365/1365
f 234/1366/1366 233/1367/1367 232/1368/1368
f 234/1369/1369 244/1370/1370 233/1371/1371
f 244/1372/1372 243/1373/1373 233/1374/1374
f 244/1375/1375 246/1376/1376 243/1377/1377
f 246/1378/1378 245/1379/1379 243/1380/1380
f 246/1381/1381 247/1382/1382 245/1383/1383
f 247/1384/1384 248/1385/1385 245/1386/1386
f 247/1387/1387 249/1388/1388 248/1389/1389
f 249/1390/1390 250/1391/1391 248/1392/1392
f 249/1393/1393 212/1394/1394 250/1395/1395
f 212/1396/1396 214/1397/1397 250/1398/1398
f 214/1399/1399 212/1400/1400 215/1401/1401
f 216/1402/1402 214/1403/1403 215/1404/1404
f 215/1405/1405 217/1406/1406 216/1407/1407
f 217/1408/1408 218/1409/1409 216/1410/1410
f 217/1411/1411 219/1412/1412 218/1413/1413
f 258/1414/1414 255/1415/1415 256/1416/1416
f 255/1417/1417 257/1418/1418 256/1419/1419
f 242/1420/1420 239/1421/1421 240/1422/1422
f 239/1423/1423 241/1424/1424 240/1425/1425
f 224/1426/1426 223/1427/1427 221/1428/1428
f 223/1429/1429 222/1430/1430 221/1431/1431
f 134/1432/1432 133/1433/1433 136/1434/1434
